/*
 Navicat Premium Data Transfer

 Source Server         : started-ds
 Source Server Type    : MySQL
 Source Server Version : 80028
 Source Host           : localhost:3306
 Source Schema         : started

 Target Server Type    : MySQL
 Target Server Version : 80028
 File Encoding         : 65001

 Date: 12/05/2022 16:40:44
*/
USE started;
SET NAMES utf8mb4;
SET FOREIGN_KEY_CHECKS = 0;

-- ----------------------------
-- Table structure for qrtz_blob_triggers
-- ----------------------------
DROP TABLE IF EXISTS `qrtz_blob_triggers`;
CREATE TABLE `qrtz_blob_triggers`  (
  `SCHED_NAME` varchar(120) CHARACTER SET utf8 COLLATE utf8_general_ci NOT NULL,
  `TRIGGER_NAME` varchar(200) CHARACTER SET utf8 COLLATE utf8_general_ci NOT NULL,
  `TRIGGER_GROUP` varchar(200) CHARACTER SET utf8 COLLATE utf8_general_ci NOT NULL,
  `BLOB_DATA` blob NULL,
  PRIMARY KEY (`SCHED_NAME`, `TRIGGER_NAME`, `TRIGGER_GROUP`) USING BTREE,
  INDEX `SCHED_NAME`(`SCHED_NAME`, `TRIGGER_NAME`, `TRIGGER_GROUP`) USING BTREE,
  CONSTRAINT `QRTZ_BLOB_TRIGGERS_ibfk_1` FOREIGN KEY (`SCHED_NAME`, `TRIGGER_NAME`, `TRIGGER_GROUP`) REFERENCES `qrtz_triggers` (`sched_name`, `trigger_name`, `trigger_group`) ON DELETE RESTRICT ON UPDATE RESTRICT
) ENGINE = InnoDB CHARACTER SET = utf8 COLLATE = utf8_general_ci ROW_FORMAT = Dynamic;

-- ----------------------------
-- Records of qrtz_blob_triggers
-- ----------------------------

-- ----------------------------
-- Table structure for qrtz_calendars
-- ----------------------------
DROP TABLE IF EXISTS `qrtz_calendars`;
CREATE TABLE `qrtz_calendars`  (
  `SCHED_NAME` varchar(120) CHARACTER SET utf8 COLLATE utf8_general_ci NOT NULL,
  `CALENDAR_NAME` varchar(200) CHARACTER SET utf8 COLLATE utf8_general_ci NOT NULL,
  `CALENDAR` blob NOT NULL,
  PRIMARY KEY (`SCHED_NAME`, `CALENDAR_NAME`) USING BTREE
) ENGINE = InnoDB CHARACTER SET = utf8 COLLATE = utf8_general_ci ROW_FORMAT = Dynamic;

-- ----------------------------
-- Records of qrtz_calendars
-- ----------------------------

-- ----------------------------
-- Table structure for qrtz_cron_triggers
-- ----------------------------
DROP TABLE IF EXISTS `qrtz_cron_triggers`;
CREATE TABLE `qrtz_cron_triggers`  (
  `SCHED_NAME` varchar(120) CHARACTER SET utf8 COLLATE utf8_general_ci NOT NULL,
  `TRIGGER_NAME` varchar(200) CHARACTER SET utf8 COLLATE utf8_general_ci NOT NULL,
  `TRIGGER_GROUP` varchar(200) CHARACTER SET utf8 COLLATE utf8_general_ci NOT NULL,
  `CRON_EXPRESSION` varchar(120) CHARACTER SET utf8 COLLATE utf8_general_ci NOT NULL,
  `TIME_ZONE_ID` varchar(80) CHARACTER SET utf8 COLLATE utf8_general_ci NULL DEFAULT NULL,
  PRIMARY KEY (`SCHED_NAME`, `TRIGGER_NAME`, `TRIGGER_GROUP`) USING BTREE,
  CONSTRAINT `QRTZ_CRON_TRIGGERS_ibfk_1` FOREIGN KEY (`SCHED_NAME`, `TRIGGER_NAME`, `TRIGGER_GROUP`) REFERENCES `qrtz_triggers` (`sched_name`, `trigger_name`, `trigger_group`) ON DELETE RESTRICT ON UPDATE RESTRICT
) ENGINE = InnoDB CHARACTER SET = utf8 COLLATE = utf8_general_ci ROW_FORMAT = Dynamic;

-- ----------------------------
-- Records of qrtz_cron_triggers
-- ----------------------------

-- ----------------------------
-- Table structure for qrtz_fired_triggers
-- ----------------------------
DROP TABLE IF EXISTS `qrtz_fired_triggers`;
CREATE TABLE `qrtz_fired_triggers`  (
  `SCHED_NAME` varchar(120) CHARACTER SET utf8 COLLATE utf8_general_ci NOT NULL,
  `ENTRY_ID` varchar(95) CHARACTER SET utf8 COLLATE utf8_general_ci NOT NULL,
  `TRIGGER_NAME` varchar(200) CHARACTER SET utf8 COLLATE utf8_general_ci NOT NULL,
  `TRIGGER_GROUP` varchar(200) CHARACTER SET utf8 COLLATE utf8_general_ci NOT NULL,
  `INSTANCE_NAME` varchar(200) CHARACTER SET utf8 COLLATE utf8_general_ci NOT NULL,
  `FIRED_TIME` bigint NOT NULL,
  `SCHED_TIME` bigint NOT NULL,
  `PRIORITY` int NOT NULL,
  `STATE` varchar(16) CHARACTER SET utf8 COLLATE utf8_general_ci NOT NULL,
  `JOB_NAME` varchar(200) CHARACTER SET utf8 COLLATE utf8_general_ci NULL DEFAULT NULL,
  `JOB_GROUP` varchar(200) CHARACTER SET utf8 COLLATE utf8_general_ci NULL DEFAULT NULL,
  `IS_NONCONCURRENT` varchar(1) CHARACTER SET utf8 COLLATE utf8_general_ci NULL DEFAULT NULL,
  `REQUESTS_RECOVERY` varchar(1) CHARACTER SET utf8 COLLATE utf8_general_ci NULL DEFAULT NULL,
  PRIMARY KEY (`SCHED_NAME`, `ENTRY_ID`) USING BTREE,
  INDEX `IDX_QRTZ_FT_TRIG_INST_NAME`(`SCHED_NAME`, `INSTANCE_NAME`) USING BTREE,
  INDEX `IDX_QRTZ_FT_INST_JOB_REQ_RCVRY`(`SCHED_NAME`, `INSTANCE_NAME`, `REQUESTS_RECOVERY`) USING BTREE,
  INDEX `IDX_QRTZ_FT_J_G`(`SCHED_NAME`, `JOB_NAME`, `JOB_GROUP`) USING BTREE,
  INDEX `IDX_QRTZ_FT_JG`(`SCHED_NAME`, `JOB_GROUP`) USING BTREE,
  INDEX `IDX_QRTZ_FT_T_G`(`SCHED_NAME`, `TRIGGER_NAME`, `TRIGGER_GROUP`) USING BTREE,
  INDEX `IDX_QRTZ_FT_TG`(`SCHED_NAME`, `TRIGGER_GROUP`) USING BTREE
) ENGINE = InnoDB CHARACTER SET = utf8 COLLATE = utf8_general_ci ROW_FORMAT = Dynamic;

-- ----------------------------
-- Records of qrtz_fired_triggers
-- ----------------------------

-- ----------------------------
-- Table structure for qrtz_job_details
-- ----------------------------
DROP TABLE IF EXISTS `qrtz_job_details`;
CREATE TABLE `qrtz_job_details`  (
  `SCHED_NAME` varchar(120) CHARACTER SET utf8 COLLATE utf8_general_ci NOT NULL,
  `JOB_NAME` varchar(200) CHARACTER SET utf8 COLLATE utf8_general_ci NOT NULL,
  `JOB_GROUP` varchar(200) CHARACTER SET utf8 COLLATE utf8_general_ci NOT NULL,
  `DESCRIPTION` varchar(250) CHARACTER SET utf8 COLLATE utf8_general_ci NULL DEFAULT NULL,
  `JOB_CLASS_NAME` varchar(250) CHARACTER SET utf8 COLLATE utf8_general_ci NOT NULL,
  `IS_DURABLE` varchar(1) CHARACTER SET utf8 COLLATE utf8_general_ci NOT NULL,
  `IS_NONCONCURRENT` varchar(1) CHARACTER SET utf8 COLLATE utf8_general_ci NOT NULL,
  `IS_UPDATE_DATA` varchar(1) CHARACTER SET utf8 COLLATE utf8_general_ci NOT NULL,
  `REQUESTS_RECOVERY` varchar(1) CHARACTER SET utf8 COLLATE utf8_general_ci NOT NULL,
  `JOB_DATA` blob NULL,
  PRIMARY KEY (`SCHED_NAME`, `JOB_NAME`, `JOB_GROUP`) USING BTREE,
  INDEX `IDX_QRTZ_J_REQ_RECOVERY`(`SCHED_NAME`, `REQUESTS_RECOVERY`) USING BTREE,
  INDEX `IDX_QRTZ_J_GRP`(`SCHED_NAME`, `JOB_GROUP`) USING BTREE,
  INDEX `SCHED_NAME`(`SCHED_NAME`, `JOB_NAME`, `JOB_GROUP`) USING BTREE,
  INDEX `SCHED_NAME_2`(`SCHED_NAME`, `JOB_NAME`, `JOB_GROUP`) USING BTREE,
  INDEX `SCHED_NAME_3`(`SCHED_NAME`, `JOB_NAME`, `JOB_GROUP`) USING BTREE,
  INDEX `SCHED_NAME_4`(`SCHED_NAME`, `JOB_NAME`, `JOB_GROUP`) USING BTREE,
  INDEX `SCHED_NAME_5`(`SCHED_NAME`, `JOB_NAME`, `JOB_GROUP`) USING BTREE,
  INDEX `SCHED_NAME_6`(`SCHED_NAME`, `JOB_NAME`, `JOB_GROUP`) USING BTREE,
  INDEX `SCHED_NAME_7`(`SCHED_NAME`, `JOB_NAME`, `JOB_GROUP`) USING BTREE
) ENGINE = InnoDB CHARACTER SET = utf8 COLLATE = utf8_general_ci ROW_FORMAT = Dynamic;

-- ----------------------------
-- Records of qrtz_job_details
-- ----------------------------

-- ----------------------------
-- Table structure for qrtz_locks
-- ----------------------------
DROP TABLE IF EXISTS `qrtz_locks`;
CREATE TABLE `qrtz_locks`  (
  `SCHED_NAME` varchar(120) CHARACTER SET utf8 COLLATE utf8_general_ci NOT NULL,
  `LOCK_NAME` varchar(40) CHARACTER SET utf8 COLLATE utf8_general_ci NOT NULL,
  PRIMARY KEY (`SCHED_NAME`, `LOCK_NAME`) USING BTREE
) ENGINE = InnoDB CHARACTER SET = utf8 COLLATE = utf8_general_ci ROW_FORMAT = Dynamic;

-- ----------------------------
-- Records of qrtz_locks
-- ----------------------------
INSERT INTO `qrtz_locks` VALUES ('Scheduler', 'STATE_ACCESS');
INSERT INTO `qrtz_locks` VALUES ('Scheduler', 'TRIGGER_ACCESS');

-- ----------------------------
-- Table structure for qrtz_paused_trigger_grps
-- ----------------------------
DROP TABLE IF EXISTS `qrtz_paused_trigger_grps`;
CREATE TABLE `qrtz_paused_trigger_grps`  (
  `SCHED_NAME` varchar(120) CHARACTER SET utf8 COLLATE utf8_general_ci NOT NULL,
  `TRIGGER_GROUP` varchar(200) CHARACTER SET utf8 COLLATE utf8_general_ci NOT NULL,
  PRIMARY KEY (`SCHED_NAME`, `TRIGGER_GROUP`) USING BTREE
) ENGINE = InnoDB CHARACTER SET = utf8 COLLATE = utf8_general_ci ROW_FORMAT = Dynamic;

-- ----------------------------
-- Records of qrtz_paused_trigger_grps
-- ----------------------------

-- ----------------------------
-- Table structure for qrtz_scheduler_state
-- ----------------------------
DROP TABLE IF EXISTS `qrtz_scheduler_state`;
CREATE TABLE `qrtz_scheduler_state`  (
  `SCHED_NAME` varchar(120) CHARACTER SET utf8 COLLATE utf8_general_ci NOT NULL,
  `INSTANCE_NAME` varchar(200) CHARACTER SET utf8 COLLATE utf8_general_ci NOT NULL,
  `LAST_CHECKIN_TIME` bigint NOT NULL,
  `CHECKIN_INTERVAL` bigint NOT NULL,
  PRIMARY KEY (`SCHED_NAME`, `INSTANCE_NAME`) USING BTREE
) ENGINE = InnoDB CHARACTER SET = utf8 COLLATE = utf8_general_ci ROW_FORMAT = Dynamic;

-- ----------------------------
-- Records of qrtz_scheduler_state
-- ----------------------------
INSERT INTO `qrtz_scheduler_state` VALUES ('Scheduler', 'lia1652344394201', 1652344832216, 15000);

-- ----------------------------
-- Table structure for qrtz_simple_triggers
-- ----------------------------
DROP TABLE IF EXISTS `qrtz_simple_triggers`;
CREATE TABLE `qrtz_simple_triggers`  (
  `SCHED_NAME` varchar(120) CHARACTER SET utf8 COLLATE utf8_general_ci NOT NULL,
  `TRIGGER_NAME` varchar(200) CHARACTER SET utf8 COLLATE utf8_general_ci NOT NULL,
  `TRIGGER_GROUP` varchar(200) CHARACTER SET utf8 COLLATE utf8_general_ci NOT NULL,
  `REPEAT_COUNT` bigint NOT NULL,
  `REPEAT_INTERVAL` bigint NOT NULL,
  `TIMES_TRIGGERED` bigint NOT NULL,
  PRIMARY KEY (`SCHED_NAME`, `TRIGGER_NAME`, `TRIGGER_GROUP`) USING BTREE,
  CONSTRAINT `QRTZ_SIMPLE_TRIGGERS_ibfk_1` FOREIGN KEY (`SCHED_NAME`, `TRIGGER_NAME`, `TRIGGER_GROUP`) REFERENCES `qrtz_triggers` (`sched_name`, `trigger_name`, `trigger_group`) ON DELETE RESTRICT ON UPDATE RESTRICT
) ENGINE = InnoDB CHARACTER SET = utf8 COLLATE = utf8_general_ci ROW_FORMAT = Dynamic;

-- ----------------------------
-- Records of qrtz_simple_triggers
-- ----------------------------

-- ----------------------------
-- Table structure for qrtz_simprop_triggers
-- ----------------------------
DROP TABLE IF EXISTS `qrtz_simprop_triggers`;
CREATE TABLE `qrtz_simprop_triggers`  (
  `SCHED_NAME` varchar(120) CHARACTER SET utf8 COLLATE utf8_general_ci NOT NULL,
  `TRIGGER_NAME` varchar(200) CHARACTER SET utf8 COLLATE utf8_general_ci NOT NULL,
  `TRIGGER_GROUP` varchar(200) CHARACTER SET utf8 COLLATE utf8_general_ci NOT NULL,
  `STR_PROP_1` varchar(512) CHARACTER SET utf8 COLLATE utf8_general_ci NULL DEFAULT NULL,
  `STR_PROP_2` varchar(512) CHARACTER SET utf8 COLLATE utf8_general_ci NULL DEFAULT NULL,
  `STR_PROP_3` varchar(512) CHARACTER SET utf8 COLLATE utf8_general_ci NULL DEFAULT NULL,
  `INT_PROP_1` int NULL DEFAULT NULL,
  `INT_PROP_2` int NULL DEFAULT NULL,
  `LONG_PROP_1` bigint NULL DEFAULT NULL,
  `LONG_PROP_2` bigint NULL DEFAULT NULL,
  `DEC_PROP_1` decimal(13, 4) NULL DEFAULT NULL,
  `DEC_PROP_2` decimal(13, 4) NULL DEFAULT NULL,
  `BOOL_PROP_1` varchar(1) CHARACTER SET utf8 COLLATE utf8_general_ci NULL DEFAULT NULL,
  `BOOL_PROP_2` varchar(1) CHARACTER SET utf8 COLLATE utf8_general_ci NULL DEFAULT NULL,
  PRIMARY KEY (`SCHED_NAME`, `TRIGGER_NAME`, `TRIGGER_GROUP`) USING BTREE,
  CONSTRAINT `QRTZ_SIMPROP_TRIGGERS_ibfk_1` FOREIGN KEY (`SCHED_NAME`, `TRIGGER_NAME`, `TRIGGER_GROUP`) REFERENCES `qrtz_triggers` (`sched_name`, `trigger_name`, `trigger_group`) ON DELETE RESTRICT ON UPDATE RESTRICT
) ENGINE = InnoDB CHARACTER SET = utf8 COLLATE = utf8_general_ci ROW_FORMAT = Dynamic;

-- ----------------------------
-- Records of qrtz_simprop_triggers
-- ----------------------------

-- ----------------------------
-- Table structure for qrtz_triggers
-- ----------------------------
DROP TABLE IF EXISTS `qrtz_triggers`;
CREATE TABLE `qrtz_triggers`  (
  `SCHED_NAME` varchar(120) CHARACTER SET utf8 COLLATE utf8_general_ci NOT NULL,
  `TRIGGER_NAME` varchar(200) CHARACTER SET utf8 COLLATE utf8_general_ci NOT NULL,
  `TRIGGER_GROUP` varchar(200) CHARACTER SET utf8 COLLATE utf8_general_ci NOT NULL,
  `JOB_NAME` varchar(200) CHARACTER SET utf8 COLLATE utf8_general_ci NOT NULL,
  `JOB_GROUP` varchar(200) CHARACTER SET utf8 COLLATE utf8_general_ci NOT NULL,
  `DESCRIPTION` varchar(250) CHARACTER SET utf8 COLLATE utf8_general_ci NULL DEFAULT NULL,
  `NEXT_FIRE_TIME` bigint NULL DEFAULT NULL,
  `PREV_FIRE_TIME` bigint NULL DEFAULT NULL,
  `PRIORITY` int NULL DEFAULT NULL,
  `TRIGGER_STATE` varchar(16) CHARACTER SET utf8 COLLATE utf8_general_ci NOT NULL,
  `TRIGGER_TYPE` varchar(8) CHARACTER SET utf8 COLLATE utf8_general_ci NOT NULL,
  `START_TIME` bigint NOT NULL,
  `END_TIME` bigint NULL DEFAULT NULL,
  `CALENDAR_NAME` varchar(200) CHARACTER SET utf8 COLLATE utf8_general_ci NULL DEFAULT NULL,
  `MISFIRE_INSTR` smallint NULL DEFAULT NULL,
  `JOB_DATA` blob NULL,
  PRIMARY KEY (`SCHED_NAME`, `TRIGGER_NAME`, `TRIGGER_GROUP`) USING BTREE,
  INDEX `IDX_QRTZ_T_J`(`SCHED_NAME`, `JOB_NAME`, `JOB_GROUP`) USING BTREE,
  INDEX `IDX_QRTZ_T_JG`(`SCHED_NAME`, `JOB_GROUP`) USING BTREE,
  INDEX `IDX_QRTZ_T_C`(`SCHED_NAME`, `CALENDAR_NAME`) USING BTREE,
  INDEX `IDX_QRTZ_T_G`(`SCHED_NAME`, `TRIGGER_GROUP`) USING BTREE,
  INDEX `IDX_QRTZ_T_STATE`(`SCHED_NAME`, `TRIGGER_STATE`) USING BTREE,
  INDEX `IDX_QRTZ_T_N_STATE`(`SCHED_NAME`, `TRIGGER_NAME`, `TRIGGER_GROUP`, `TRIGGER_STATE`) USING BTREE,
  INDEX `IDX_QRTZ_T_N_G_STATE`(`SCHED_NAME`, `TRIGGER_GROUP`, `TRIGGER_STATE`) USING BTREE,
  INDEX `IDX_QRTZ_T_NEXT_FIRE_TIME`(`SCHED_NAME`, `NEXT_FIRE_TIME`) USING BTREE,
  INDEX `IDX_QRTZ_T_NFT_ST`(`SCHED_NAME`, `TRIGGER_STATE`, `NEXT_FIRE_TIME`) USING BTREE,
  INDEX `IDX_QRTZ_T_NFT_MISFIRE`(`SCHED_NAME`, `MISFIRE_INSTR`, `NEXT_FIRE_TIME`) USING BTREE,
  INDEX `IDX_QRTZ_T_NFT_ST_MISFIRE`(`SCHED_NAME`, `MISFIRE_INSTR`, `NEXT_FIRE_TIME`, `TRIGGER_STATE`) USING BTREE,
  INDEX `IDX_QRTZ_T_NFT_ST_MISFIRE_GRP`(`SCHED_NAME`, `MISFIRE_INSTR`, `NEXT_FIRE_TIME`, `TRIGGER_GROUP`, `TRIGGER_STATE`) USING BTREE,
  CONSTRAINT `QRTZ_TRIGGERS_ibfk_1` FOREIGN KEY (`SCHED_NAME`, `JOB_NAME`, `JOB_GROUP`) REFERENCES `qrtz_job_details` (`SCHED_NAME`, `JOB_NAME`, `JOB_GROUP`) ON DELETE RESTRICT ON UPDATE RESTRICT
) ENGINE = InnoDB CHARACTER SET = utf8 COLLATE = utf8_general_ci ROW_FORMAT = Dynamic;

-- ----------------------------
-- Records of qrtz_triggers
-- ----------------------------

-- ----------------------------
-- Table structure for schedule_job
-- ----------------------------
DROP TABLE IF EXISTS `schedule_job`;
CREATE TABLE `schedule_job`  (
  `id` bigint NOT NULL COMMENT 'id',
  `bean_name` varchar(200) CHARACTER SET utf8mb4 COLLATE utf8mb4_general_ci NULL DEFAULT NULL COMMENT 'spring bean名称',
  `params` varchar(2000) CHARACTER SET utf8mb4 COLLATE utf8mb4_general_ci NULL DEFAULT NULL COMMENT '参数',
  `cron_expression` varchar(100) CHARACTER SET utf8mb4 COLLATE utf8mb4_general_ci NULL DEFAULT NULL COMMENT 'cron表达式',
  `status` tinyint UNSIGNED NULL DEFAULT NULL COMMENT '任务状态  0：暂停  1：正常',
  `remark` varchar(255) CHARACTER SET utf8mb4 COLLATE utf8mb4_general_ci NULL DEFAULT NULL COMMENT '备注',
  `creator` bigint NULL DEFAULT NULL COMMENT '创建者',
  `create_date` datetime NULL DEFAULT NULL COMMENT '创建时间',
  `updater` bigint NULL DEFAULT NULL COMMENT '更新者',
  `update_date` datetime NULL DEFAULT NULL COMMENT '更新时间',
  `company_id` varchar(255) CHARACTER SET utf8mb4 COLLATE utf8mb4_general_ci NULL DEFAULT NULL,
  `del_flag` varchar(2) CHARACTER SET utf8mb4 COLLATE utf8mb4_general_ci NULL DEFAULT NULL,
  PRIMARY KEY (`id`) USING BTREE,
  INDEX `idx_create_date`(`create_date`) USING BTREE
) ENGINE = InnoDB CHARACTER SET = utf8mb4 COLLATE = utf8mb4_general_ci COMMENT = '定时任务' ROW_FORMAT = Dynamic;

-- ----------------------------
-- Records of schedule_job
-- ----------------------------

-- ----------------------------
-- Table structure for schedule_job_log
-- ----------------------------
DROP TABLE IF EXISTS `schedule_job_log`;
CREATE TABLE `schedule_job_log`  (
  `id` bigint NOT NULL COMMENT 'id',
  `job_id` bigint NOT NULL COMMENT '任务id',
  `bean_name` varchar(200) CHARACTER SET utf8mb4 COLLATE utf8mb4_general_ci NULL DEFAULT NULL COMMENT 'spring bean名称',
  `params` varchar(2000) CHARACTER SET utf8mb4 COLLATE utf8mb4_general_ci NULL DEFAULT NULL COMMENT '参数',
  `status` tinyint UNSIGNED NOT NULL COMMENT '任务状态    0：失败    1：成功',
  `error` varchar(2000) CHARACTER SET utf8mb4 COLLATE utf8mb4_general_ci NULL DEFAULT NULL COMMENT '失败信息',
  `times` int NOT NULL COMMENT '耗时(单位：毫秒)',
  `creator` bigint NULL DEFAULT NULL COMMENT '创建人',
  `create_date` datetime NULL DEFAULT NULL COMMENT '创建时间',
  PRIMARY KEY (`id`) USING BTREE,
  INDEX `idx_job_id`(`job_id`) USING BTREE,
  INDEX `idx_create_date`(`create_date`) USING BTREE
) ENGINE = InnoDB CHARACTER SET = utf8mb4 COLLATE = utf8mb4_general_ci COMMENT = '定时任务日志' ROW_FORMAT = Dynamic;

-- ----------------------------
-- Records of schedule_job_log
-- ----------------------------

-- ----------------------------
-- Table structure for sys_base_conf
-- ----------------------------
DROP TABLE IF EXISTS `sys_base_conf`;
CREATE TABLE `sys_base_conf`  (
  `id` bigint NOT NULL,
  `item` varchar(255) CHARACTER SET utf8mb4 COLLATE utf8mb4_general_ci NULL DEFAULT NULL COMMENT 'key',
  `title` varchar(255) CHARACTER SET utf8mb4 COLLATE utf8mb4_general_ci NULL DEFAULT NULL COMMENT '标题',
  `content` varchar(255) CHARACTER SET utf8mb4 COLLATE utf8mb4_general_ci NULL DEFAULT NULL COMMENT '默认值',
  `sort` int NULL DEFAULT NULL COMMENT '排序',
  `creator` bigint NULL DEFAULT NULL,
  `create_date` datetime NULL DEFAULT NULL,
  `updater` bigint NULL DEFAULT NULL,
  `update_date` datetime NULL DEFAULT NULL,
  `del_flag` varchar(1) CHARACTER SET utf8mb4 COLLATE utf8mb4_general_ci NULL DEFAULT NULL COMMENT '删除标志',
  PRIMARY KEY (`id`) USING BTREE
) ENGINE = InnoDB CHARACTER SET = utf8mb4 COLLATE = utf8mb4_general_ci COMMENT = '系统-基础默认配置' ROW_FORMAT = Dynamic;

-- ----------------------------
-- Records of sys_base_conf
-- ----------------------------
INSERT INTO `sys_base_conf` VALUES (1, 'contribution', '贡献量', '0', 0, NULL, NULL, NULL, NULL, '0');

-- ----------------------------
-- Table structure for sys_dict_data
-- ----------------------------
DROP TABLE IF EXISTS `sys_dict_data`;
CREATE TABLE `sys_dict_data`  (
  `id` bigint NOT NULL COMMENT 'id',
  `dict_type_id` bigint NOT NULL COMMENT '字典类型ID',
  `dict_label` varchar(255) CHARACTER SET utf8mb4 COLLATE utf8mb4_general_ci NOT NULL COMMENT '字典标签',
  `dict_value` varchar(255) CHARACTER SET utf8mb4 COLLATE utf8mb4_general_ci NULL DEFAULT NULL COMMENT '字典值',
  `remark` varchar(255) CHARACTER SET utf8mb4 COLLATE utf8mb4_general_ci NULL DEFAULT NULL COMMENT '备注',
  `sort` int UNSIGNED NULL DEFAULT NULL COMMENT '排序',
  `creator` bigint NULL DEFAULT NULL COMMENT '创建者',
  `create_date` datetime NULL DEFAULT NULL COMMENT '创建时间',
  `updater` bigint NULL DEFAULT NULL COMMENT '更新者',
  `update_date` datetime NULL DEFAULT NULL COMMENT '更新时间',
  `del_flag` varchar(1) CHARACTER SET utf8mb4 COLLATE utf8mb4_general_ci NULL DEFAULT NULL,
  PRIMARY KEY (`id`) USING BTREE,
  UNIQUE INDEX `uk_dict_type_value`(`dict_type_id`, `dict_value`) USING BTREE,
  INDEX `idx_sort`(`sort`) USING BTREE
) ENGINE = InnoDB CHARACTER SET = utf8mb4 COLLATE = utf8mb4_general_ci COMMENT = '字典数据' ROW_FORMAT = Dynamic;

-- ----------------------------
-- Records of sys_dict_data
-- ----------------------------
INSERT INTO `sys_dict_data` VALUES (1160061112075464705, 1160061077912858600, '男', '0', '', 0, 1067246875800000001, '2020-06-20 15:25:59', 1067246875800000001, '2020-06-20 15:25:59', '0');
INSERT INTO `sys_dict_data` VALUES (1160061146967879681, 1160061077912858600, '女', '1', '', 1, 1067246875800000001, '2020-06-20 15:25:59', 1067246875800000001, '2020-06-20 15:25:59', '0');
INSERT INTO `sys_dict_data` VALUES (1160061190127267841, 1160061077912858625, '保密', '2', '', 2, 1067246875800000001, '2020-06-20 15:25:59', 1067246875800000001, '2020-06-20 15:25:59', '0');
INSERT INTO `sys_dict_data` VALUES (1225814069634195457, 1225813644059140097, '公告', '0', '', 0, 1067246875800000001, '2020-06-20 15:25:49', 1067246875800000001, '2020-06-20 15:25:49', '0');
INSERT INTO `sys_dict_data` VALUES (1225814107559092225, 1225813644059140097, '会议', '1', '', 1, 1067246875800000001, '2020-06-20 15:25:49', 1067246875800000001, '2020-06-20 15:25:49', '0');
INSERT INTO `sys_dict_data` VALUES (1225814271879340034, 1225813644059140097, '其他', '2', '', 2, 1067246875800000001, '2020-06-20 15:25:49', 1067246875800000001, '2020-06-20 15:25:49', '0');

-- ----------------------------
-- Table structure for sys_dict_type
-- ----------------------------
DROP TABLE IF EXISTS `sys_dict_type`;
CREATE TABLE `sys_dict_type`  (
  `id` bigint NOT NULL COMMENT 'id',
  `dict_type` varchar(100) CHARACTER SET utf8mb4 COLLATE utf8mb4_general_ci NOT NULL COMMENT '字典类型',
  `dict_name` varchar(255) CHARACTER SET utf8mb4 COLLATE utf8mb4_general_ci NOT NULL COMMENT '字典名称',
  `remark` varchar(255) CHARACTER SET utf8mb4 COLLATE utf8mb4_general_ci NULL DEFAULT NULL COMMENT '备注',
  `type` int NULL DEFAULT NULL COMMENT '字典类型，见字典 dict_type',
  `sort` int UNSIGNED NULL DEFAULT NULL COMMENT '排序',
  `creator` bigint NULL DEFAULT NULL COMMENT '创建者',
  `create_date` datetime NULL DEFAULT NULL COMMENT '创建时间',
  `updater` bigint NULL DEFAULT NULL COMMENT '更新者',
  `update_date` datetime NULL DEFAULT NULL COMMENT '更新时间',
  `company_id` bigint NULL DEFAULT NULL,
  `del_flag` varchar(1) CHARACTER SET utf8mb4 COLLATE utf8mb4_general_ci NULL DEFAULT NULL,
  PRIMARY KEY (`id`) USING BTREE,
  UNIQUE INDEX `dict_type`(`dict_type`) USING BTREE
) ENGINE = InnoDB CHARACTER SET = utf8mb4 COLLATE = utf8mb4_general_ci COMMENT = '字典类型' ROW_FORMAT = Dynamic;

-- ----------------------------
-- Records of sys_dict_type
-- ----------------------------
INSERT INTO `sys_dict_type` VALUES (0, 'dict_type', '字典类型', NULL, NULL, 0, NULL, NULL, NULL, NULL, NULL, '0');
INSERT INTO `sys_dict_type` VALUES (1, 'status', '数据状态', '状态  停用  or 正常', NULL, 3, 1, '2021-08-06 18:30:38', 1, '2021-08-06 18:30:44', -1, '0');
INSERT INTO `sys_dict_type` VALUES (1160061077912858625, 'gender', '性别', '11', NULL, 8, 1067246875800000001, '2020-06-20 15:25:59', 1, '2021-08-06 18:31:07', NULL, '0');
INSERT INTO `sys_dict_type` VALUES (1225813644059140097, 'notice_type', '站内通知-类型', '', NULL, 9, 1067246875800000001, '2020-06-20 15:25:49', 1, '2021-08-06 18:31:00', NULL, '0');
INSERT INTO `sys_dict_type` VALUES (5555555555555555555, 'mourning', '哀悼', '重大情况时页面黑白', NULL, NULL, NULL, NULL, NULL, NULL, NULL, '1');

-- ----------------------------
-- Table structure for sys_group
-- ----------------------------
DROP TABLE IF EXISTS `sys_group`;
CREATE TABLE `sys_group`  (
  `id` bigint NOT NULL COMMENT 'id',
  `pid` bigint NULL DEFAULT NULL COMMENT '上级ID',
  `name` varchar(50) CHARACTER SET utf8mb4 COLLATE utf8mb4_general_ci NULL DEFAULT NULL COMMENT '部门名称',
  `sort` int UNSIGNED NULL DEFAULT NULL COMMENT '排序',
  `creator` bigint NULL DEFAULT NULL COMMENT '创建者',
  `create_date` datetime NULL DEFAULT NULL COMMENT '创建时间',
  `updater` bigint NULL DEFAULT NULL COMMENT '更新者',
  `update_date` datetime NULL DEFAULT NULL COMMENT '更新时间',
  `del_flag` varchar(2) CHARACTER SET utf8mb4 COLLATE utf8mb4_general_ci NULL DEFAULT NULL,
  PRIMARY KEY (`id`) USING BTREE,
  INDEX `idx_pid`(`pid`) USING BTREE,
  INDEX `idx_sort`(`sort`) USING BTREE
) ENGINE = InnoDB CHARACTER SET = utf8mb4 COLLATE = utf8mb4_general_ci COMMENT = '系统-部门管理' ROW_FORMAT = Dynamic;

-- ----------------------------
-- Records of sys_group
-- ----------------------------
INSERT INTO `sys_group` VALUES (11111111111111111, 1469562801327542273, '零和公司', 0, 1, '2020-02-23 21:46:58', NULL, NULL, '0');
INSERT INTO `sys_group` VALUES (1469561453223710722, 11111111111111111, '产品部', 0, 1, '2021-12-11 14:55:28', 1, '2021-12-11 14:55:28', '0');
INSERT INTO `sys_group` VALUES (1469562218738716674, 1469561453223710722, '产品长沙分部', 1, 1, '2021-12-11 14:58:31', 1, '2021-12-11 14:58:31', '1');
INSERT INTO `sys_group` VALUES (1469562399349641218, 11111111111111111, '研发部', 0, 1, '2021-12-11 14:59:14', 1, '2021-12-11 14:59:14', '0');
INSERT INTO `sys_group` VALUES (1469562568753385473, 11111111111111111, '销售部', 0, 1, '2021-12-11 14:59:54', 1, '2021-12-11 14:59:54', '0');
INSERT INTO `sys_group` VALUES (1469562611027775489, 11111111111111111, '售后部', 0, 1, '2021-12-11 15:00:04', 1, '2021-12-11 15:00:04', '0');
INSERT INTO `sys_group` VALUES (1469562702904004610, 1469562399349641218, '研发组', 1, 1, '2021-12-11 15:00:26', 1, '2021-12-11 15:00:26', '1');
INSERT INTO `sys_group` VALUES (1469562801327542273, 0, '零零', 0, 1, '2021-12-11 15:00:50', 1, '2021-12-11 15:00:50', '0');
INSERT INTO `sys_group` VALUES (1469578527996125185, 0, '11', 0, 1, '2021-12-11 16:03:19', NULL, NULL, '1');
INSERT INTO `sys_group` VALUES (1469579994677125122, 1469562399349641218, '123', 0, 1, '2021-12-11 16:09:09', NULL, NULL, '0');
INSERT INTO `sys_group` VALUES (1469582281235505154, 0, '12', 0, 1, '2021-12-11 16:18:14', NULL, NULL, '1');
INSERT INTO `sys_group` VALUES (1469582521682370562, 1469562801327542273, '123', 0, 1, '2021-12-11 16:19:11', NULL, NULL, '0');

-- ----------------------------
-- Table structure for sys_group_resources
-- ----------------------------
DROP TABLE IF EXISTS `sys_group_resources`;
CREATE TABLE `sys_group_resources`  (
  `id` bigint NOT NULL COMMENT 'id',
  `group_id` bigint NULL DEFAULT NULL COMMENT '角色ID',
  `resources_id` bigint NULL DEFAULT NULL COMMENT '菜单ID',
  `creator` bigint NULL DEFAULT NULL COMMENT '创建者',
  `create_date` datetime NULL DEFAULT NULL COMMENT '创建时间',
  `del_flag` varchar(2) CHARACTER SET utf8mb4 COLLATE utf8mb4_general_ci NULL DEFAULT NULL,
  PRIMARY KEY (`id`) USING BTREE,
  INDEX `idx_role_id`(`group_id`) USING BTREE,
  INDEX `idx_menu_id`(`resources_id`) USING BTREE
) ENGINE = InnoDB CHARACTER SET = utf8mb4 COLLATE = utf8mb4_general_ci COMMENT = '角色菜单关系' ROW_FORMAT = Dynamic;

-- ----------------------------
-- Records of sys_group_resources
-- ----------------------------
INSERT INTO `sys_group_resources` VALUES (1274368173174575105, 1274368172922916865, 1067246875800000002, 1067246875800000001, '2020-06-20 23:47:04', '0');
INSERT INTO `sys_group_resources` VALUES (1274368173283627009, 1274368172922916865, 1067246875800000055, 1067246875800000001, '2020-06-20 23:47:04', '0');
INSERT INTO `sys_group_resources` VALUES (1274368173401067521, 1274368172922916865, 1067246875800000056, 1067246875800000001, '2020-06-20 23:47:04', '0');
INSERT INTO `sys_group_resources` VALUES (1274368173497536514, 1274368172922916865, 1067246875800000003, 1067246875800000001, '2020-06-20 23:47:04', '0');
INSERT INTO `sys_group_resources` VALUES (1274368173598199809, 1274368172922916865, 1067246875800000004, 1067246875800000001, '2020-06-20 23:47:04', '0');
INSERT INTO `sys_group_resources` VALUES (1274368173707251714, 1274368172922916865, 1067246875800000005, 1067246875800000001, '2020-06-20 23:47:04', '0');
INSERT INTO `sys_group_resources` VALUES (1274368173812109314, 1274368172922916865, 1067246875800000006, 1067246875800000001, '2020-06-20 23:47:04', '0');
INSERT INTO `sys_group_resources` VALUES (1274368173937938433, 1274368172922916865, 1067246875800000012, 1067246875800000001, '2020-06-20 23:47:04', '0');
INSERT INTO `sys_group_resources` VALUES (1274368174042796033, 1274368172922916865, 1067246875800000014, 1067246875800000001, '2020-06-20 23:47:04', '0');
INSERT INTO `sys_group_resources` VALUES (1274368174160236545, 1274368172922916865, 1067246875800000015, 1067246875800000001, '2020-06-20 23:47:04', '0');
INSERT INTO `sys_group_resources` VALUES (1274368174269288450, 1274368172922916865, 1067246875800000016, 1067246875800000001, '2020-06-20 23:47:04', '0');
INSERT INTO `sys_group_resources` VALUES (1274368174374146050, 1274368172922916865, 1067246875800000017, 1067246875800000001, '2020-06-20 23:47:04', '0');
INSERT INTO `sys_group_resources` VALUES (1274368174483197953, 1274368172922916865, 1067246875800000007, 1067246875800000001, '2020-06-20 23:47:04', '0');
INSERT INTO `sys_group_resources` VALUES (1274368174596444162, 1274368172922916865, 1067246875800000008, 1067246875800000001, '2020-06-20 23:47:04', '0');
INSERT INTO `sys_group_resources` VALUES (1274368174705496065, 1274368172922916865, 1067246875800000009, 1067246875800000001, '2020-06-20 23:47:04', '0');
INSERT INTO `sys_group_resources` VALUES (1274368174814547969, 1274368172922916865, 1067246875800000010, 1067246875800000001, '2020-06-20 23:47:04', '0');
INSERT INTO `sys_group_resources` VALUES (1274368174919405569, 1274368172922916865, 1067246875800000011, 1067246875800000001, '2020-06-20 23:47:04', '0');
INSERT INTO `sys_group_resources` VALUES (1274368175036846081, 1274368172922916865, 1067246875800000035, 1067246875800000001, '2020-06-20 23:47:04', '0');
INSERT INTO `sys_group_resources` VALUES (1274368175141703681, 1274368172922916865, 1067246875800000025, 1067246875800000001, '2020-06-20 23:47:04', '0');
INSERT INTO `sys_group_resources` VALUES (1274368175263338497, 1274368172922916865, 1067246875800000026, 1067246875800000001, '2020-06-20 23:47:04', '0');
INSERT INTO `sys_group_resources` VALUES (1274368175376584706, 1274368172922916865, 1067246875800000027, 1067246875800000001, '2020-06-20 23:47:04', '0');
INSERT INTO `sys_group_resources` VALUES (1274368175481442306, 1274368172922916865, 1067246875800000028, 1067246875800000001, '2020-06-20 23:47:04', '0');
INSERT INTO `sys_group_resources` VALUES (1274368175603077121, 1274368172922916865, 1067246875800000029, 1067246875800000001, '2020-06-20 23:47:04', '0');
INSERT INTO `sys_group_resources` VALUES (1274368175720517633, 1274368172922916865, 1067246875800000040, 1067246875800000001, '2020-06-20 23:47:04', '0');
INSERT INTO `sys_group_resources` VALUES (1274368175812792321, 1274368172922916865, 1067246875800000059, 1067246875800000001, '2020-06-20 23:47:04', '0');
INSERT INTO `sys_group_resources` VALUES (1274368175926038530, 1274368172922916865, 1067246875800000057, 1067246875800000001, '2020-06-20 23:47:04', '0');
INSERT INTO `sys_group_resources` VALUES (1274368176026701825, 1274368172922916865, 1067246875800000060, 1067246875800000001, '2020-06-20 23:47:04', '0');
INSERT INTO `sys_group_resources` VALUES (1274368176123170818, 1274368172922916865, 1067246875800000061, 1067246875800000001, '2020-06-20 23:47:04', '0');
INSERT INTO `sys_group_resources` VALUES (1274368176223834113, 1274368172922916865, 1067246875800000058, 1067246875800000001, '2020-06-20 23:47:04', '0');
INSERT INTO `sys_group_resources` VALUES (1274368176341274626, 1274368172922916865, 1067246875800000041, 1067246875800000001, '2020-06-20 23:47:05', '0');
INSERT INTO `sys_group_resources` VALUES (1274368176454520834, 1274368172922916865, 1067246875800000042, 1067246875800000001, '2020-06-20 23:47:05', '0');
INSERT INTO `sys_group_resources` VALUES (1274368176559378433, 1274368172922916865, 1067246875800000043, 1067246875800000001, '2020-06-20 23:47:05', '0');
INSERT INTO `sys_group_resources` VALUES (1274368176668430338, 1274368172922916865, 1067246875800000044, 1067246875800000001, '2020-06-20 23:47:05', '0');
INSERT INTO `sys_group_resources` VALUES (1274368176769093634, 1274368172922916865, 1067246875800000045, 1067246875800000001, '2020-06-20 23:47:05', '0');
INSERT INTO `sys_group_resources` VALUES (1274368176878145538, 1274368172922916865, 1067246875800000030, 1067246875800000001, '2020-06-20 23:47:05', '0');
INSERT INTO `sys_group_resources` VALUES (1274368176978808833, 1274368172922916865, 1067246875800000031, 1067246875800000001, '2020-06-20 23:47:05', '0');
INSERT INTO `sys_group_resources` VALUES (1274368177087860738, 1274368172922916865, 1067246875800000032, 1067246875800000001, '2020-06-20 23:47:05', '0');
INSERT INTO `sys_group_resources` VALUES (1274368177192718338, 1274368172922916865, 1067246875800000033, 1067246875800000001, '2020-06-20 23:47:05', '0');
INSERT INTO `sys_group_resources` VALUES (1274368177314353154, 1274368172922916865, 1067246875800000034, 1067246875800000001, '2020-06-20 23:47:05', '0');
INSERT INTO `sys_group_resources` VALUES (1274368177427599362, 1274368172922916865, 1067246875800000036, 1067246875800000001, '2020-06-20 23:47:05', '0');
INSERT INTO `sys_group_resources` VALUES (1274368177528262657, 1274368172922916865, 1067246875800000037, 1067246875800000001, '2020-06-20 23:47:05', '0');
INSERT INTO `sys_group_resources` VALUES (1274368177633120257, 1274368172922916865, 1067246875800000038, 1067246875800000001, '2020-06-20 23:47:05', '0');
INSERT INTO `sys_group_resources` VALUES (1274368177729589249, 1274368172922916865, 1067246875800000039, 1067246875800000001, '2020-06-20 23:47:05', '0');
INSERT INTO `sys_group_resources` VALUES (1274368177830252546, 1274368172922916865, 1158267114314842115, 1067246875800000001, '2020-06-20 23:47:05', '0');
INSERT INTO `sys_group_resources` VALUES (1274368177930915841, 1274368172922916865, 1158267114314842116, 1067246875800000001, '2020-06-20 23:47:05', '0');
INSERT INTO `sys_group_resources` VALUES (1274368178048356353, 1274368172922916865, 1158267114314842117, 1067246875800000001, '2020-06-20 23:47:05', '0');
INSERT INTO `sys_group_resources` VALUES (1274368178157408258, 1274368172922916865, 1158267114314842118, 1067246875800000001, '2020-06-20 23:47:05', '0');
INSERT INTO `sys_group_resources` VALUES (1274368178258071554, 1274368172922916865, 1158267114314842119, 1067246875800000001, '2020-06-20 23:47:05', '0');
INSERT INTO `sys_group_resources` VALUES (1274368178367123458, 1274368172922916865, 1067246875800000047, 1067246875800000001, '2020-06-20 23:47:05', '0');
INSERT INTO `sys_group_resources` VALUES (1274368178476175361, 1274368172922916865, 1067246875800000053, 1067246875800000001, '2020-06-20 23:47:05', '0');
INSERT INTO `sys_group_resources` VALUES (1274368178589421569, 1274368172922916865, 1067246875800000051, 1067246875800000001, '2020-06-20 23:47:05', '0');
INSERT INTO `sys_group_resources` VALUES (1274368178694279169, 1274368172922916865, 1156748733921165314, 1067246875800000001, '2020-06-20 23:47:05', '0');
INSERT INTO `sys_group_resources` VALUES (1274368178899800065, 1274368172922916865, 1067246875800000052, 1067246875800000001, '2020-06-20 23:47:05', '0');
INSERT INTO `sys_group_resources` VALUES (1421651885827039234, 1421651885717987330, 1067246875800000024, 1, '2021-08-01 09:59:57', '0');
INSERT INTO `sys_group_resources` VALUES (1421651885843816449, 1421651885717987330, 1067246875800000035, 1, '2021-08-01 09:59:57', '0');
INSERT INTO `sys_group_resources` VALUES (1421651885860593665, 1421651885717987330, 1067246875800000002, 1, '2021-08-01 09:59:57', '0');
INSERT INTO `sys_group_resources` VALUES (1421651885877370881, 1421651885717987330, 1067246875800000052, 1, '2021-08-01 09:59:57', '0');
INSERT INTO `sys_group_resources` VALUES (1421651885889953793, 1421651885717987330, 1067246875800000007, 1, '2021-08-01 09:59:57', '0');
INSERT INTO `sys_group_resources` VALUES (1421651885906731010, 1421651885717987330, 1067246875800000008, 1, '2021-08-01 09:59:57', '0');
INSERT INTO `sys_group_resources` VALUES (1421651885927702529, 1421651885717987330, 1067246875800000009, 1, '2021-08-01 09:59:57', '0');
INSERT INTO `sys_group_resources` VALUES (1421651885936091138, 1421651885717987330, 1067246875800000010, 1, '2021-08-01 09:59:57', '0');
INSERT INTO `sys_group_resources` VALUES (1421651885957062658, 1421651885717987330, 1067246875800000011, 1, '2021-08-01 09:59:57', '0');
INSERT INTO `sys_group_resources` VALUES (1421651885969645570, 1421651885717987330, 1067246875800000012, 1, '2021-08-01 09:59:57', '0');
INSERT INTO `sys_group_resources` VALUES (1421651885986422785, 1421651885717987330, 1067246875800000014, 1, '2021-08-01 09:59:57', '0');
INSERT INTO `sys_group_resources` VALUES (1421651885994811393, 1421651885717987330, 1067246875800000015, 1, '2021-08-01 09:59:57', '0');
INSERT INTO `sys_group_resources` VALUES (1421651886015782914, 1421651885717987330, 1067246875800000016, 1, '2021-08-01 09:59:57', '0');
INSERT INTO `sys_group_resources` VALUES (1421651886028365826, 1421651885717987330, 1067246875800000017, 1, '2021-08-01 09:59:57', '0');
INSERT INTO `sys_group_resources` VALUES (1421651886045143041, 1421651885717987330, 1067246875800000025, 1, '2021-08-01 09:59:57', '0');
INSERT INTO `sys_group_resources` VALUES (1421651886061920257, 1421651885717987330, 1067246875800000026, 1, '2021-08-01 09:59:57', '0');
INSERT INTO `sys_group_resources` VALUES (1421651886070308866, 1421651885717987330, 1067246875800000027, 1, '2021-08-01 09:59:57', '0');
INSERT INTO `sys_group_resources` VALUES (1421651886087086081, 1421651885717987330, 1067246875800000028, 1, '2021-08-01 09:59:57', '0');
INSERT INTO `sys_group_resources` VALUES (1421651886103863298, 1421651885717987330, 1067246875800000029, 1, '2021-08-01 09:59:57', '0');
INSERT INTO `sys_group_resources` VALUES (1464163459174596609, 1421651885717987300, 1067246875800000002, 1293446992507695105, '2021-11-26 17:25:46', '0');
INSERT INTO `sys_group_resources` VALUES (1464163459187179522, 1421651885717987300, 1067246875800000055, 1293446992507695105, '2021-11-26 17:25:46', '0');
INSERT INTO `sys_group_resources` VALUES (1464163459191373826, 1421651885717987300, 1067246875800000056, 1293446992507695105, '2021-11-26 17:25:46', '0');
INSERT INTO `sys_group_resources` VALUES (1464163459191373827, 1421651885717987300, 1067246875800000003, 1293446992507695105, '2021-11-26 17:25:46', '0');
INSERT INTO `sys_group_resources` VALUES (1464163459199762433, 1421651885717987300, 1067246875800000004, 1293446992507695105, '2021-11-26 17:25:46', '0');
INSERT INTO `sys_group_resources` VALUES (1464163459203956738, 1421651885717987300, 1067246875800000005, 1293446992507695105, '2021-11-26 17:25:46', '0');
INSERT INTO `sys_group_resources` VALUES (1464163459203956739, 1421651885717987300, 1067246875800000006, 1293446992507695105, '2021-11-26 17:25:46', '0');
INSERT INTO `sys_group_resources` VALUES (1464163459212345346, 1421651885717987300, 1067246875800000012, 1293446992507695105, '2021-11-26 17:25:46', '0');
INSERT INTO `sys_group_resources` VALUES (1464163459212345347, 1421651885717987300, 1067246875800000014, 1293446992507695105, '2021-11-26 17:25:46', '0');
INSERT INTO `sys_group_resources` VALUES (1464163459212345348, 1421651885717987300, 1067246875800000015, 1293446992507695105, '2021-11-26 17:25:46', '0');
INSERT INTO `sys_group_resources` VALUES (1464163459220733954, 1421651885717987300, 1067246875800000016, 1293446992507695105, '2021-11-26 17:25:46', '0');
INSERT INTO `sys_group_resources` VALUES (1464163459220733955, 1421651885717987300, 1067246875800000017, 1293446992507695105, '2021-11-26 17:25:46', '0');
INSERT INTO `sys_group_resources` VALUES (1464163459224928257, 1421651885717987300, 1067246875800000007, 1293446992507695105, '2021-11-26 17:25:46', '0');
INSERT INTO `sys_group_resources` VALUES (1464163459224928258, 1421651885717987300, 1067246875800000008, 1293446992507695105, '2021-11-26 17:25:46', '0');
INSERT INTO `sys_group_resources` VALUES (1464163459229122561, 1421651885717987300, 1067246875800000009, 1293446992507695105, '2021-11-26 17:25:46', '0');
INSERT INTO `sys_group_resources` VALUES (1464163459229122562, 1421651885717987300, 1067246875800000010, 1293446992507695105, '2021-11-26 17:25:46', '0');
INSERT INTO `sys_group_resources` VALUES (1464163459229122563, 1421651885717987300, 1067246875800000011, 1293446992507695105, '2021-11-26 17:25:46', '0');
INSERT INTO `sys_group_resources` VALUES (1464163459237511169, 1421651885717987300, 1067246875800000024, 1293446992507695105, '2021-11-26 17:25:46', '0');
INSERT INTO `sys_group_resources` VALUES (1464163459237511170, 1421651885717987300, 1067246875800000021, 1293446992507695105, '2021-11-26 17:25:46', '0');
INSERT INTO `sys_group_resources` VALUES (1464163459241705473, 1421651885717987300, 1067246875800000303, 1293446992507695105, '2021-11-26 17:25:46', '0');
INSERT INTO `sys_group_resources` VALUES (1464163459241705474, 1421651885717987300, 1067246875800000022, 1293446992507695105, '2021-11-26 17:25:46', '0');
INSERT INTO `sys_group_resources` VALUES (1464163459241705475, 1421651885717987300, 1067246875800000023, 1293446992507695105, '2021-11-26 17:25:46', '0');
INSERT INTO `sys_group_resources` VALUES (1464163459245899778, 1421651885717987300, 1067246875800000300, 1293446992507695105, '2021-11-26 17:25:46', '0');
INSERT INTO `sys_group_resources` VALUES (1464163459245899779, 1421651885717987300, 1067246875800000302, 1293446992507695105, '2021-11-26 17:25:46', '0');
INSERT INTO `sys_group_resources` VALUES (1464163459245899780, 1421651885717987300, 1067246875800000301, 1293446992507695105, '2021-11-26 17:25:46', '0');
INSERT INTO `sys_group_resources` VALUES (1464163459245899781, 1421651885717987300, 1067246875800000035, 1293446992507695105, '2021-11-26 17:25:46', '0');
INSERT INTO `sys_group_resources` VALUES (1464163459254288386, 1421651885717987300, 1067246875800000025, 1293446992507695105, '2021-11-26 17:25:46', '0');
INSERT INTO `sys_group_resources` VALUES (1464163459254288387, 1421651885717987300, 1067246875800000026, 1293446992507695105, '2021-11-26 17:25:46', '0');
INSERT INTO `sys_group_resources` VALUES (1464163459254288388, 1421651885717987300, 1067246875800000027, 1293446992507695105, '2021-11-26 17:25:46', '0');
INSERT INTO `sys_group_resources` VALUES (1464163459254288389, 1421651885717987300, 1067246875800000028, 1293446992507695105, '2021-11-26 17:25:46', '0');
INSERT INTO `sys_group_resources` VALUES (1464163459262676993, 1421651885717987300, 1067246875800000029, 1293446992507695105, '2021-11-26 17:25:46', '0');
INSERT INTO `sys_group_resources` VALUES (1464163459262676994, 1421651885717987300, 1067246875800000040, 1293446992507695105, '2021-11-26 17:25:46', '0');
INSERT INTO `sys_group_resources` VALUES (1464163459266871297, 1421651885717987300, 1067246875800000059, 1293446992507695105, '2021-11-26 17:25:46', '0');
INSERT INTO `sys_group_resources` VALUES (1464163459266871298, 1421651885717987300, 1067246875800000057, 1293446992507695105, '2021-11-26 17:25:46', '0');
INSERT INTO `sys_group_resources` VALUES (1464163459266871299, 1421651885717987300, 1067246875800000060, 1293446992507695105, '2021-11-26 17:25:46', '0');
INSERT INTO `sys_group_resources` VALUES (1464163459266871300, 1421651885717987300, 1067246875800000061, 1293446992507695105, '2021-11-26 17:25:46', '0');
INSERT INTO `sys_group_resources` VALUES (1464163459275259906, 1421651885717987300, 1067246875800000058, 1293446992507695105, '2021-11-26 17:25:46', '0');
INSERT INTO `sys_group_resources` VALUES (1464163459275259907, 1421651885717987300, 1067246875800000041, 1293446992507695105, '2021-11-26 17:25:46', '0');
INSERT INTO `sys_group_resources` VALUES (1464163459275259908, 1421651885717987300, 1067246875800000042, 1293446992507695105, '2021-11-26 17:25:46', '0');
INSERT INTO `sys_group_resources` VALUES (1464163459275259909, 1421651885717987300, 1067246875800000043, 1293446992507695105, '2021-11-26 17:25:46', '0');
INSERT INTO `sys_group_resources` VALUES (1464163459275259910, 1421651885717987300, 1067246875800000044, 1293446992507695105, '2021-11-26 17:25:46', '0');
INSERT INTO `sys_group_resources` VALUES (1464163459283648513, 1421651885717987300, 1067246875800000045, 1293446992507695105, '2021-11-26 17:25:46', '0');
INSERT INTO `sys_group_resources` VALUES (1464163459283648514, 1421651885717987300, 1067246875800000030, 1293446992507695105, '2021-11-26 17:25:46', '0');
INSERT INTO `sys_group_resources` VALUES (1464163459287842817, 1421651885717987300, 1067246875800000031, 1293446992507695105, '2021-11-26 17:25:46', '0');
INSERT INTO `sys_group_resources` VALUES (1464163459287842818, 1421651885717987300, 1067246875800000032, 1293446992507695105, '2021-11-26 17:25:46', '0');
INSERT INTO `sys_group_resources` VALUES (1464163459292037122, 1421651885717987300, 1067246875800000033, 1293446992507695105, '2021-11-26 17:25:46', '0');
INSERT INTO `sys_group_resources` VALUES (1464163459292037123, 1421651885717987300, 1067246875800000034, 1293446992507695105, '2021-11-26 17:25:46', '0');
INSERT INTO `sys_group_resources` VALUES (1464163459292037124, 1421651885717987300, 1067246875800000036, 1293446992507695105, '2021-11-26 17:25:46', '0');
INSERT INTO `sys_group_resources` VALUES (1464163459292037125, 1421651885717987300, 1067246875800000037, 1293446992507695105, '2021-11-26 17:25:46', '0');
INSERT INTO `sys_group_resources` VALUES (1464163459300425729, 1421651885717987300, 1067246875800000038, 1293446992507695105, '2021-11-26 17:25:46', '0');
INSERT INTO `sys_group_resources` VALUES (1464163459300425730, 1421651885717987300, 1067246875800000039, 1293446992507695105, '2021-11-26 17:25:46', '0');
INSERT INTO `sys_group_resources` VALUES (1464163459300425731, 1421651885717987300, 1067246875800000047, 1293446992507695105, '2021-11-26 17:25:46', '0');
INSERT INTO `sys_group_resources` VALUES (1464163459308814337, 1421651885717987300, 1158267114314842115, 1293446992507695105, '2021-11-26 17:25:46', '0');
INSERT INTO `sys_group_resources` VALUES (1464163459308814338, 1421651885717987300, 1158267114314842116, 1293446992507695105, '2021-11-26 17:25:46', '0');
INSERT INTO `sys_group_resources` VALUES (1464163459313008641, 1421651885717987300, 1158267114314842117, 1293446992507695105, '2021-11-26 17:25:46', '0');
INSERT INTO `sys_group_resources` VALUES (1464163459313008642, 1421651885717987300, 1158267114314842118, 1293446992507695105, '2021-11-26 17:25:46', '0');
INSERT INTO `sys_group_resources` VALUES (1464163459313008643, 1421651885717987300, 1158267114314842119, 1293446992507695105, '2021-11-26 17:25:46', '0');

-- ----------------------------
-- Table structure for sys_mail_log
-- ----------------------------
DROP TABLE IF EXISTS `sys_mail_log`;
CREATE TABLE `sys_mail_log`  (
  `id` bigint NOT NULL COMMENT 'id',
  `template_id` bigint NOT NULL COMMENT '邮件模板ID',
  `mail_from` varchar(200) CHARACTER SET utf8mb4 COLLATE utf8mb4_general_ci NULL DEFAULT NULL COMMENT '发送者',
  `mail_to` varchar(400) CHARACTER SET utf8mb4 COLLATE utf8mb4_general_ci NULL DEFAULT NULL COMMENT '收件人',
  `mail_cc` varchar(400) CHARACTER SET utf8mb4 COLLATE utf8mb4_general_ci NULL DEFAULT NULL COMMENT '抄送者',
  `subject` varchar(200) CHARACTER SET utf8mb4 COLLATE utf8mb4_general_ci NULL DEFAULT NULL COMMENT '邮件主题',
  `content` text CHARACTER SET utf8mb4 COLLATE utf8mb4_general_ci NULL COMMENT '邮件正文',
  `status` tinyint UNSIGNED NULL DEFAULT NULL COMMENT '发送状态  0：失败  1：成功',
  `creator` bigint NULL DEFAULT NULL COMMENT '创建者',
  `create_date` datetime NULL DEFAULT NULL COMMENT '创建时间',
  PRIMARY KEY (`id`) USING BTREE,
  INDEX `idx_create_date`(`create_date`) USING BTREE
) ENGINE = InnoDB CHARACTER SET = utf8mb4 COLLATE = utf8mb4_general_ci COMMENT = '邮件发送记录' ROW_FORMAT = Dynamic;

-- ----------------------------
-- Records of sys_mail_log
-- ----------------------------
-- ----------------------------
-- Table structure for sys_mail_template
-- ----------------------------
DROP TABLE IF EXISTS `sys_mail_template`;
CREATE TABLE `sys_mail_template`  (
  `id` bigint NOT NULL COMMENT 'id',
  `name` varchar(100) CHARACTER SET utf8mb4 COLLATE utf8mb4_general_ci NULL DEFAULT NULL COMMENT '模板名称',
  `subject` varchar(200) CHARACTER SET utf8mb4 COLLATE utf8mb4_general_ci NULL DEFAULT NULL COMMENT '邮件主题',
  `content` text CHARACTER SET utf8mb4 COLLATE utf8mb4_general_ci NULL COMMENT '邮件正文',
  `creator` bigint NULL DEFAULT NULL COMMENT '创建者',
  `create_date` datetime NULL DEFAULT NULL COMMENT '创建时间',
  `updater` bigint NULL DEFAULT NULL COMMENT '更新者',
  `update_date` datetime NULL DEFAULT NULL COMMENT '更新时间',
  PRIMARY KEY (`id`) USING BTREE,
  INDEX `idx_create_date`(`create_date`) USING BTREE
) ENGINE = InnoDB CHARACTER SET = utf8mb4 COLLATE = utf8mb4_general_ci COMMENT = '邮件模板' ROW_FORMAT = Dynamic;

-- ----------------------------
-- Records of sys_mail_template
-- ----------------------------
INSERT INTO `sys_mail_template` VALUES (1, '验证码模板', '修改密码验证码', '<p>验证码：${code}，有效时间300秒，请勿向他人泄露。</p>', NULL, '2020-06-20 15:26:46', NULL, NULL);

-- ----------------------------
-- Table structure for sys_notice
-- ----------------------------
DROP TABLE IF EXISTS `sys_notice`;
CREATE TABLE `sys_notice`  (
  `id` bigint NOT NULL COMMENT 'id',
  `type` int NOT NULL COMMENT '通知类型',
  `title` varchar(200) CHARACTER SET utf8mb4 COLLATE utf8mb4_general_ci NULL DEFAULT NULL COMMENT '标题',
  `content` text CHARACTER SET utf8mb4 COLLATE utf8mb4_general_ci NULL COMMENT '内容',
  `receiver_type` tinyint UNSIGNED NULL DEFAULT NULL COMMENT '接收者  0：全部  1：部门',
  `receiver_type_ids` varchar(500) CHARACTER SET utf8mb4 COLLATE utf8mb4_general_ci NULL DEFAULT NULL COMMENT '接收者ID，用逗号分开',
  `status` tinyint UNSIGNED NULL DEFAULT NULL COMMENT '发送状态  0：草稿  1：已发布',
  `sender_name` varchar(50) CHARACTER SET utf8mb4 COLLATE utf8mb4_general_ci NULL DEFAULT NULL COMMENT '发送者',
  `sender_date` datetime NULL DEFAULT NULL COMMENT '发送时间',
  `creator` bigint NULL DEFAULT NULL COMMENT '创建者',
  `create_date` datetime NULL DEFAULT NULL COMMENT '创建时间',
  `updater` varchar(20) CHARACTER SET utf8mb4 COLLATE utf8mb4_general_ci NULL DEFAULT NULL,
  `company_id` bigint NULL DEFAULT NULL,
  `del_flag` varchar(3) CHARACTER SET utf8mb4 COLLATE utf8mb4_general_ci NULL DEFAULT NULL,
  PRIMARY KEY (`id`) USING BTREE,
  INDEX `idx_create_date`(`create_date`) USING BTREE
) ENGINE = InnoDB CHARACTER SET = utf8mb4 COLLATE = utf8mb4_general_ci COMMENT = '通知管理' ROW_FORMAT = Dynamic;

-- ----------------------------
-- Records of sys_notice
-- ----------------------------

-- ----------------------------
-- Table structure for sys_notice_user
-- ----------------------------
DROP TABLE IF EXISTS `sys_notice_user`;
CREATE TABLE `sys_notice_user`  (
  `receiver_id` bigint NOT NULL COMMENT '接收者ID',
  `notice_id` bigint NOT NULL COMMENT '通知ID',
  `read_status` tinyint UNSIGNED NULL DEFAULT NULL COMMENT '阅读状态  0：未读  1：已读',
  `read_date` datetime NULL DEFAULT NULL COMMENT '阅读时间',
  `del_flag` varchar(3) CHARACTER SET utf8mb4 COLLATE utf8mb4_general_ci NULL DEFAULT NULL,
  PRIMARY KEY (`receiver_id`, `notice_id`) USING BTREE
) ENGINE = InnoDB CHARACTER SET = utf8mb4 COLLATE = utf8mb4_general_ci COMMENT = '我的通知' ROW_FORMAT = Dynamic;

-- ----------------------------
-- Records of sys_notice_user
-- ----------------------------

-- ----------------------------
-- Table structure for sys_oss
-- ----------------------------
DROP TABLE IF EXISTS `sys_oss`;
CREATE TABLE `sys_oss`  (
  `id` bigint NOT NULL COMMENT 'id',
  `name` varchar(255) CHARACTER SET utf8mb4 COLLATE utf8mb4_general_ci NULL DEFAULT NULL COMMENT '文件名称',
  `type` varchar(255) CHARACTER SET utf8mb4 COLLATE utf8mb4_general_ci NULL DEFAULT NULL COMMENT '存储类型',
  `url` varchar(200) CHARACTER SET utf8mb4 COLLATE utf8mb4_general_ci NULL DEFAULT NULL COMMENT '存储地址',
  `creator` bigint NULL DEFAULT NULL COMMENT '创建者',
  `create_date` datetime NULL DEFAULT NULL COMMENT '创建时间',
  `company_id` bigint NULL DEFAULT NULL,
  `del_flag` varchar(3) CHARACTER SET utf8mb4 COLLATE utf8mb4_general_ci NULL DEFAULT NULL,
  `updater` bigint NULL DEFAULT NULL,
  `update_date` datetime NULL DEFAULT NULL,
  PRIMARY KEY (`id`) USING BTREE,
  INDEX `idx_create_date`(`create_date`) USING BTREE
) ENGINE = InnoDB CHARACTER SET = utf8mb4 COLLATE = utf8mb4_general_ci COMMENT = '文件上传' ROW_FORMAT = Dynamic;

-- ----------------------------
-- Records of sys_oss
-- ----------------------------

-- ----------------------------
-- Table structure for sys_params
-- ----------------------------
DROP TABLE IF EXISTS `sys_params`;
CREATE TABLE `sys_params`  (
  `id` bigint NOT NULL COMMENT 'id',
  `param_code` varchar(32) CHARACTER SET utf8mb4 COLLATE utf8mb4_general_ci NULL DEFAULT NULL COMMENT '参数编码',
  `param_value` varchar(2000) CHARACTER SET utf8mb4 COLLATE utf8mb4_general_ci NULL DEFAULT NULL COMMENT '参数值',
  `param_type` varchar(15) CHARACTER SET utf8mb4 COLLATE utf8mb4_general_ci NULL DEFAULT '1' COMMENT '类型   0：系统参数   1：非系统参数',
  `remark` varchar(200) CHARACTER SET utf8mb4 COLLATE utf8mb4_general_ci NULL DEFAULT NULL COMMENT '备注',
  `creator` bigint NULL DEFAULT NULL COMMENT '创建者',
  `create_date` datetime NULL DEFAULT NULL COMMENT '创建时间',
  `updater` bigint NULL DEFAULT NULL COMMENT '更新者',
  `update_date` datetime NULL DEFAULT NULL COMMENT '更新时间',
  `del_flag` varchar(3) CHARACTER SET utf8mb4 COLLATE utf8mb4_general_ci NULL DEFAULT NULL,
  PRIMARY KEY (`id`) USING BTREE,
  UNIQUE INDEX `uk_param_code`(`param_code`) USING BTREE,
  INDEX `idx_create_date`(`create_date`) USING BTREE
) ENGINE = InnoDB CHARACTER SET = utf8mb4 COLLATE = utf8mb4_general_ci COMMENT = '参数管理' ROW_FORMAT = Dynamic;

-- ----------------------------
-- Records of sys_params
-- ----------------------------
-- ----------------------------
-- Table structure for sys_resources
-- ----------------------------
DROP TABLE IF EXISTS `sys_resources`;
CREATE TABLE `sys_resources`  (
  `id` bigint NOT NULL COMMENT 'id',
  `pid` bigint NULL DEFAULT NULL COMMENT '上级ID，一级菜单为0',
  `name` varchar(255) CHARACTER SET utf8mb4 COLLATE utf8mb4_general_ci NULL DEFAULT NULL COMMENT '名称',
  `url` varchar(200) CHARACTER SET utf8mb4 COLLATE utf8mb4_general_ci NULL DEFAULT NULL COMMENT '菜单URL',
  `permissions` varchar(500) CHARACTER SET utf8mb4 COLLATE utf8mb4_general_ci NULL DEFAULT NULL COMMENT '授权(多个用逗号分隔，如：sys:user:list,sys:user:save)',
  `type` tinyint UNSIGNED NULL DEFAULT NULL COMMENT '类型   0：菜单   1：按钮  2:列',
  `subpage` tinyint NULL DEFAULT NULL COMMENT '是否子页',
  `icon` varchar(50) CHARACTER SET utf8mb4 COLLATE utf8mb4_general_ci NULL DEFAULT NULL COMMENT '菜单图标',
  `sort` int NULL DEFAULT NULL COMMENT '排序',
  `creator` bigint NULL DEFAULT NULL COMMENT '创建者',
  `create_date` datetime NULL DEFAULT NULL COMMENT '创建时间',
  `updater` bigint NULL DEFAULT NULL COMMENT '更新者',
  `update_date` datetime NULL DEFAULT NULL COMMENT '更新时间',
  `del_flag` varchar(1) CHARACTER SET utf8mb4 COLLATE utf8mb4_general_ci NULL DEFAULT NULL,
  PRIMARY KEY (`id`) USING BTREE,
  INDEX `idx_pid`(`pid`) USING BTREE,
  INDEX `idx_sort`(`sort`) USING BTREE
) ENGINE = InnoDB CHARACTER SET = utf8mb4 COLLATE = utf8mb4_general_ci COMMENT = '菜单管理' ROW_FORMAT = Dynamic;

-- ----------------------------
-- Records of sys_resources
-- ----------------------------
INSERT INTO `sys_resources` VALUES (1067246875800000002, 0, '权限管理', '', NULL, 0, -1, 'icon-safetycertificate', 1, 1067246875800000001, '2020-06-20 15:25:45', NULL, NULL, '0');
INSERT INTO `sys_resources` VALUES (1067246875800000003, 1067246875800000055, '新增', NULL, 'sys:user:save,sys:dept:list,sys:role:list', 1, -1, NULL, 1, 1067246875800000001, '2020-06-20 15:25:45', 1067246875800000001, '2020-06-20 15:25:45', '0');
INSERT INTO `sys_resources` VALUES (1067246875800000004, 1067246875800000055, '修改', NULL, 'sys:user:update,sys:dept:list,sys:role:list', 1, -1, NULL, 2, 1067246875800000001, '2020-06-20 15:25:45', 1067246875800000001, '2020-06-20 15:25:45', '0');
INSERT INTO `sys_resources` VALUES (1067246875800000005, 1067246875800000055, '删除', NULL, 'sys:user:delete', 1, -1, NULL, 3, 1067246875800000001, '2020-06-20 15:25:45', 1067246875800000001, '2020-06-20 15:25:45', '0');
INSERT INTO `sys_resources` VALUES (1067246875800000006, 1067246875800000055, '导出', NULL, 'sys:user:export', 1, -1, NULL, 4, 1067246875800000001, '2020-06-20 15:25:45', 1067246875800000001, '2020-06-20 15:25:45', '0');
INSERT INTO `sys_resources` VALUES (1067246875800000007, 1067246875800000002, '角色管理', 'sys/role', NULL, 0, -1, 'icon-team', 2, 1067246875800000001, '2020-06-20 15:25:45', 1067246875800000001, '2020-06-20 15:25:45', '0');
INSERT INTO `sys_resources` VALUES (1067246875800000008, 1067246875800000007, '查看', NULL, 'sys:role:page,sys:role:info', 1, -1, NULL, 0, 1067246875800000001, '2020-06-20 15:25:45', 1067246875800000001, '2020-06-20 15:25:45', '0');
INSERT INTO `sys_resources` VALUES (1067246875800000009, 1067246875800000007, '新增', NULL, 'sys:role:save,sys:menu:select,sys:dept:list', 1, -1, NULL, 1, 1067246875800000001, '2020-06-20 15:25:45', 1067246875800000001, '2020-06-20 15:25:45', '0');
INSERT INTO `sys_resources` VALUES (1067246875800000010, 1067246875800000007, '修改', NULL, 'sys:role:update,sys:menu:select,sys:dept:list', 1, -1, NULL, 2, 1067246875800000001, '2020-06-20 15:25:45', 1067246875800000001, '2020-06-20 15:25:45', '0');
INSERT INTO `sys_resources` VALUES (1067246875800000011, 1067246875800000007, '删除', NULL, 'sys:role:delete', 1, -1, NULL, 3, 1067246875800000001, '2020-06-20 15:25:45', 1067246875800000001, '2020-06-20 15:25:45', '0');
INSERT INTO `sys_resources` VALUES (1067246875800000012, 1067246875800000002, '分组管理', 'sys/group', 'sys:dept:list,sys:dept:info', 0, -1, 'icon-apartment', 1, 1067246875800000001, '2020-06-20 15:25:45', 1067246875800000001, '2020-06-20 15:25:45', '0');
INSERT INTO `sys_resources` VALUES (1067246875800000014, 1067246875800000012, '查看', NULL, 'sys:dept:list,sys:dept:info', 1, -1, NULL, 0, 1067246875800000001, '2020-06-20 15:25:45', 1067246875800000001, '2020-06-20 15:25:45', '0');
INSERT INTO `sys_resources` VALUES (1067246875800000015, 1067246875800000012, '新增', NULL, 'sys:dept:save', 1, -1, NULL, 1, 1067246875800000001, '2020-06-20 15:25:45', 1067246875800000001, '2020-06-20 15:25:45', '0');
INSERT INTO `sys_resources` VALUES (1067246875800000016, 1067246875800000012, '修改', NULL, 'sys:dept:update', 1, -1, NULL, 2, 1067246875800000001, '2020-06-20 15:25:45', 1067246875800000001, '2020-06-20 15:25:45', '0');
INSERT INTO `sys_resources` VALUES (1067246875800000017, 1067246875800000012, '删除', NULL, 'sys:dept:delete', 1, -1, NULL, 3, 1067246875800000001, '2020-06-20 15:25:45', 1067246875800000001, '2020-06-20 15:25:45', '0');
INSERT INTO `sys_resources` VALUES (1067246875800000021, 1067246875800000024, '短信服务', 'message/sms', 'sys:sms:all', 0, -1, 'icon-message-fill', 0, 1067246875800000001, '2020-06-20 15:25:45', 1067246875800000001, '2020-06-20 15:25:45', '0');
INSERT INTO `sys_resources` VALUES (1067246875800000022, 1067246875800000024, '邮件模板', 'message/mail_template', 'sys:mail:all', 0, -1, 'icon-mail', 1, 1067246875800000001, '2020-06-20 15:25:46', 1067246875800000001, '2020-06-20 15:25:46', '0');
INSERT INTO `sys_resources` VALUES (1067246875800000023, 1067246875800000024, '邮件发送记录', 'message/mail_log', 'sys:mail:log', 0, -1, 'icon-detail-fill', 2, 1067246875800000001, '2020-06-20 15:25:46', 1067246875800000001, '2020-06-20 15:25:46', '0');
INSERT INTO `sys_resources` VALUES (1067246875800000024, 0, '消息管理', NULL, NULL, 0, -1, 'icon-message', 3, 1067246875800000001, '2020-06-20 15:25:46', 1067246875800000001, '2020-06-20 15:25:46', '0');
INSERT INTO `sys_resources` VALUES (1067246875800000025, 1067246875800000035, '资源管理', 'sys/resources', 'sys:menu:list,sys:menu:save,sys:menu:update,sys:menu:delete', 0, -1, 'icon-unorderedlist', 1, 1067246875800000001, '2020-06-20 15:25:46', 1, '2021-08-05 22:10:55', '0');
INSERT INTO `sys_resources` VALUES (1067246875800000026, 1067246875800000025, '查看', NULL, 'sys:menu:list,sys:menu:info', 1, NULL, NULL, 0, 1067246875800000001, '2020-06-20 15:25:46', 1067246875800000001, '2020-06-20 15:25:46', '0');
INSERT INTO `sys_resources` VALUES (1067246875800000027, 1067246875800000025, '新增', NULL, 'sys:menu:save', 1, NULL, NULL, 1, 1067246875800000001, '2020-06-20 15:25:46', 1067246875800000001, '2020-06-20 15:25:46', '0');
INSERT INTO `sys_resources` VALUES (1067246875800000028, 1067246875800000025, '修改', NULL, 'sys:menu:update', 1, NULL, NULL, 2, 1067246875800000001, '2020-06-20 15:25:46', 1067246875800000001, '2020-06-20 15:25:46', '0');
INSERT INTO `sys_resources` VALUES (1067246875800000029, 1067246875800000025, '删除', NULL, 'sys:menu:delete', 1, NULL, NULL, 3, 1067246875800000001, '2020-06-20 15:25:46', 1067246875800000001, '2020-06-20 15:25:46', '0');
INSERT INTO `sys_resources` VALUES (1067246875800000030, 1067246875800000035, '定时任务', 'job/schedule', NULL, 0, -1, 'icon-dashboard', 3, 1067246875800000001, '2020-06-20 15:25:46', 1067246875800000001, '2020-06-20 15:25:46', '0');
INSERT INTO `sys_resources` VALUES (1067246875800000031, 1067246875800000030, '查看', NULL, 'sys:schedule:page,sys:schedule:info', 1, NULL, NULL, 0, 1067246875800000001, '2020-06-20 15:25:46', 1067246875800000001, '2020-06-20 15:25:46', '0');
INSERT INTO `sys_resources` VALUES (1067246875800000032, 1067246875800000030, '新增', NULL, 'sys:schedule:save', 1, NULL, NULL, 1, 1067246875800000001, '2020-06-20 15:25:46', 1067246875800000001, '2020-06-20 15:25:46', '0');
INSERT INTO `sys_resources` VALUES (1067246875800000033, 1067246875800000030, '修改', NULL, 'sys:schedule:update', 1, NULL, NULL, 2, 1067246875800000001, '2020-06-20 15:25:46', 1067246875800000001, '2020-06-20 15:25:46', '0');
INSERT INTO `sys_resources` VALUES (1067246875800000034, 1067246875800000030, '删除', NULL, 'sys:schedule:delete', 1, NULL, NULL, 3, 1067246875800000001, '2020-06-20 15:25:46', 1067246875800000001, '2020-06-20 15:25:46', '0');
INSERT INTO `sys_resources` VALUES (1067246875800000035, 0, '系统设置', NULL, NULL, 0, -1, 'icon-setting', 66, 1067246875800000001, '2020-06-20 15:25:46', 1, '2021-08-23 20:06:36', '0');
INSERT INTO `sys_resources` VALUES (1067246875800000036, 1067246875800000030, '暂停', NULL, 'sys:schedule:pause', 1, NULL, NULL, 4, 1067246875800000001, '2020-06-20 15:25:46', 1067246875800000001, '2020-06-20 15:25:46', '0');
INSERT INTO `sys_resources` VALUES (1067246875800000037, 1067246875800000030, '恢复', NULL, 'sys:schedule:resume', 1, NULL, NULL, 5, 1067246875800000001, '2020-06-20 15:25:46', 1067246875800000001, '2020-06-20 15:25:46', '0');
INSERT INTO `sys_resources` VALUES (1067246875800000038, 1067246875800000030, '立即执行', NULL, 'sys:schedule:run', 1, NULL, NULL, 6, 1067246875800000001, '2020-06-20 15:25:46', 1067246875800000001, '2020-06-20 15:25:46', '0');
INSERT INTO `sys_resources` VALUES (1067246875800000039, 1067246875800000030, '日志列表', NULL, 'sys:schedule:log', 1, NULL, NULL, 7, 1067246875800000001, '2020-06-20 15:25:46', 1067246875800000001, '2020-06-20 15:25:46', '0');
INSERT INTO `sys_resources` VALUES (1067246875800000040, 1067246875800000035, '参数管理', 'sys/params', '', 0, -1, 'icon-fileprotect', 1, 1067246875800000001, '2020-06-20 15:25:46', 1067246875800000001, '2020-06-20 15:25:46', '0');
INSERT INTO `sys_resources` VALUES (1067246875800000041, 1067246875800000035, '字典管理', 'sys/dict-type', ' ', 0, -1, 'icon-golden-fill', 2, 1067246875800000001, '2020-06-20 15:25:46', 1067246875800000001, '2020-06-20 15:25:46', '0');
INSERT INTO `sys_resources` VALUES (1067246875800000042, 1067246875800000041, '查看', NULL, 'sys:dict:page,sys:dict:info', 1, NULL, NULL, 0, 1067246875800000001, '2020-06-20 15:25:46', 1067246875800000001, '2020-06-20 15:25:46', '0');
INSERT INTO `sys_resources` VALUES (1067246875800000043, 1067246875800000041, '新增', NULL, 'sys:dict:save', 1, NULL, NULL, 1, 1067246875800000001, '2020-06-20 15:25:47', 1067246875800000001, '2020-06-20 15:25:47', '0');
INSERT INTO `sys_resources` VALUES (1067246875800000044, 1067246875800000041, '修改', NULL, 'sys:dict:update', 1, NULL, NULL, 2, 1067246875800000001, '2020-06-20 15:25:47', 1067246875800000001, '2020-06-20 15:25:47', '0');
INSERT INTO `sys_resources` VALUES (1067246875800000045, 1067246875800000041, '删除', NULL, 'sys:dict:delete', 1, NULL, NULL, 3, 1067246875800000001, '2020-06-20 15:25:47', 1067246875800000001, '2020-06-20 15:25:47', '0');
INSERT INTO `sys_resources` VALUES (1067246875800000046, 0, '日志管理', NULL, ' ', 0, -1, 'icon-container', 68, 1067246875800000001, '2020-06-20 15:25:47', 1, '2021-08-23 20:06:51', '0');
INSERT INTO `sys_resources` VALUES (1067246875800000047, 1067246875800000035, '文件上传', 'oss/oss', 'sys:oss:all', 0, -1, 'icon-upload', 4, 1067246875800000001, '2020-06-20 15:25:47', 1067246875800000001, '2020-06-20 15:25:47', '0');
INSERT INTO `sys_resources` VALUES (1067246875800000048, 1067246875800000046, '登录日志', 'sys/log-login', 'sys:log:login', 0, -1, 'icon-filedone', 0, 1067246875800000001, '2020-06-20 15:25:47', 1067246875800000001, '2020-06-20 15:25:47', '0');
INSERT INTO `sys_resources` VALUES (1067246875800000049, 1067246875800000046, '操作日志', 'sys/log-operation', 'sys:log:operation', 0, -1, 'icon-solution', 1, 1067246875800000001, '2020-06-20 15:25:47', 1067246875800000001, '2020-06-20 15:25:47', '0');
INSERT INTO `sys_resources` VALUES (1067246875800000050, 1067246875800000046, '异常日志', 'sys/log-error', 'sys:log:error', 0, -1, 'icon-file-exception', 2, 1067246875800000001, '2020-06-20 15:25:47', 1067246875800000001, '2020-06-20 15:25:47', '0');
INSERT INTO `sys_resources` VALUES (1067246875800000051, 1067246875800000053, 'SQL监控', '{{ window.SITE_CONFIG[\"apiURL\"] }}/druid/sql.html', NULL, 0, -1, 'icon-database', 0, 1067246875800000001, '2020-06-20 15:25:47', 1067246875800000001, '2020-06-20 15:25:47', '0');
INSERT INTO `sys_resources` VALUES (1067246875800000052, 3333333333333333333, '信息管理', 'web/news', 'demo:news:all', 0, -1, 'icon-file-word', 3, 1067246875800000001, '2020-06-20 15:25:47', 1, '2021-08-23 17:37:20', '0');
INSERT INTO `sys_resources` VALUES (1067246875800000053, 0, '系统监控', NULL, NULL, 0, -1, 'icon-desktop', 67, 1067246875800000001, '2020-06-20 15:25:47', 1, '2021-08-23 20:06:43', '0');
INSERT INTO `sys_resources` VALUES (1067246875800000055, 1067246875800000002, '用户管理', 'sys/user', '', 0, -1, 'icon-user', 3, 1067246875800000001, '2020-06-20 15:25:47', NULL, NULL, '0');
INSERT INTO `sys_resources` VALUES (1067246875800000056, 1067246875800000055, '查看', NULL, 'sys:user:page,sys:user:info', 1, NULL, NULL, 0, 1067246875800000001, '2020-06-20 15:25:47', 1067246875800000001, '2020-06-20 15:25:47', '0');
INSERT INTO `sys_resources` VALUES (1067246875800000057, 1067246875800000040, '新增', NULL, 'sys:params:save', 1, NULL, NULL, 1, 1067246875800000001, '2020-06-20 15:25:47', 1067246875800000001, '2020-06-20 15:25:47', '0');
INSERT INTO `sys_resources` VALUES (1067246875800000058, 1067246875800000040, '刷新缓存', NULL, 'sys:params:clear', 1, NULL, NULL, 4, 1067246875800000001, '2020-06-20 15:25:47', 1067246875800000001, '2021-10-07 14:56:59', '0');
INSERT INTO `sys_resources` VALUES (1067246875800000059, 1067246875800000040, '查看', '', 'sys:params:page,sys:params:info', 1, NULL, NULL, 0, 1067246875800000001, '2020-06-20 15:25:47', 1067246875800000001, '2020-06-20 15:25:47', '0');
INSERT INTO `sys_resources` VALUES (1067246875800000060, 1067246875800000040, '修改', NULL, 'sys:params:update', 1, NULL, NULL, 2, 1067246875800000001, '2020-06-20 15:25:47', 1067246875800000001, '2020-06-20 15:25:47', '0');
INSERT INTO `sys_resources` VALUES (1067246875800000061, 1067246875800000040, '删除', '', 'sys:params:delete', 1, NULL, '', 3, 1067246875800000001, '2020-06-20 15:25:47', 1067246875800000001, '2020-06-20 15:25:47', '0');
INSERT INTO `sys_resources` VALUES (1067246875800000126, 1067246875800000025, '资源列表', NULL, 'sys:resources:listing', 0, 1, NULL, NULL, NULL, NULL, NULL, NULL, '0');
INSERT INTO `sys_resources` VALUES (1067246875800000130, 1067246875800000025, '按钮资源', NULL, 'sys:resources:btn', 1, NULL, 'icon-gold', 2, 1067246875800000001, '2020-06-20 15:25:46', 1067246875800000001, '2020-06-20 15:25:46', '0');
INSERT INTO `sys_resources` VALUES (1067246875800000131, 1067246875800000025, '列资源', NULL, 'sys:resources:row', 1, NULL, 'icon-snippets', 2, 1067246875800000001, '2020-06-20 15:25:46', 1067246875800000001, '2020-06-20 15:25:46', '0');
INSERT INTO `sys_resources` VALUES (1067246875800000300, 0, '站内通知', NULL, NULL, 0, -1, 'icon-bell', 4, 1067246875800000001, '2020-06-20 15:25:48', 1067246875800000001, '2020-06-20 15:25:48', '0');
INSERT INTO `sys_resources` VALUES (1067246875800000301, 1067246875800000300, '通知管理', 'notice/notice', 'sys:notice:all', 0, -1, 'icon-bell', 1, 1067246875800000001, '2020-06-20 15:25:48', 1067246875800000001, '2020-06-20 15:25:48', '0');
INSERT INTO `sys_resources` VALUES (1067246875800000302, 1067246875800000300, '我的通知', 'notice/notice-user', 'sys:notice:all', 0, -1, 'icon-notification', 0, 1067246875800000001, '2020-06-20 15:25:48', 1067246875800000001, '2020-06-20 15:25:48', '0');
INSERT INTO `sys_resources` VALUES (1067246875800000303, 1067246875800000024, '短信发送记录', 'message/sms-log', 'sys:smslog:all', 0, -1, 'icon-unorderedlist', 0, 1067246875800000001, '2020-06-20 15:25:48', 1067246875800000001, '2020-06-20 15:25:48', '0');
INSERT INTO `sys_resources` VALUES (1156748733921165314, 1067246875800000053, '接口文档', '{{ window.SITE_CONFIG[\"apiURL\"] }}/doc.html', NULL, 0, -1, 'icon-file-word', 2, 1067246875800000001, '2020-06-20 15:25:48', 1067246875800000001, '2020-06-20 15:25:48', '0');
INSERT INTO `sys_resources` VALUES (1158267114314842115, 1067246875800000035, '行政区域', 'sys/region', NULL, 0, -1, 'icon-location', 4, 1067246875800000001, '2020-06-20 15:25:48', 1067246875800000001, '2020-06-20 15:25:48', '0');
INSERT INTO `sys_resources` VALUES (1158267114314842116, 1158267114314842115, '查看', NULL, 'sys:region:list,sys:region:info', 1, NULL, NULL, 0, 1067246875800000001, '2020-06-20 15:25:48', 1067246875800000001, '2020-06-20 15:25:48', '0');
INSERT INTO `sys_resources` VALUES (1158267114314842117, 1158267114314842115, '新增', NULL, 'sys:region:save', 1, NULL, NULL, 1, 1067246875800000001, '2020-06-20 15:25:48', 1067246875800000001, '2020-06-20 15:25:48', '0');
INSERT INTO `sys_resources` VALUES (1158267114314842118, 1158267114314842115, '修改', NULL, 'sys:region:update', 1, NULL, NULL, 2, 1067246875800000001, '2020-06-20 15:25:48', 1067246875800000001, '2020-06-20 15:25:48', '0');
INSERT INTO `sys_resources` VALUES (1158267114314842119, 1158267114314842115, '删除', NULL, 'sys:region:delete', 1, NULL, NULL, 3, 1067246875800000001, '2020-06-20 15:25:48', 1067246875800000001, '2020-06-20 15:25:48', '0');
INSERT INTO `sys_resources` VALUES (1274858511481090050, 1274859979323891713, '图书信息管理', 'book/bookinfo', NULL, 0, -1, 'icon-desktop', 0, 1067246875800000001, '2020-06-22 08:16:32', 1067246875800000001, '2020-07-16 10:21:11', '1');
INSERT INTO `sys_resources` VALUES (1274858511481090051, 1274858511481090050, '查看', NULL, 'book:bookinfo:page,book:bookinfo:info', 1, NULL, NULL, 0, 1067246875800000001, '2020-06-22 08:16:32', 1067246875800000001, '2020-06-22 08:16:32', '1');
INSERT INTO `sys_resources` VALUES (1274858511481090052, 1274858511481090050, '新增', NULL, 'book:bookinfo:save', 1, NULL, NULL, 1, 1067246875800000001, '2020-06-22 08:16:32', 1067246875800000001, '2020-06-22 08:16:32', '1');
INSERT INTO `sys_resources` VALUES (1274858511481090053, 1274858511481090050, '修改', NULL, 'book:bookinfo:update', 1, NULL, NULL, 2, 1067246875800000001, '2020-06-22 08:16:32', 1067246875800000001, '2020-06-22 08:16:32', '1');
INSERT INTO `sys_resources` VALUES (1274858511481090054, 1274858511481090050, '删除', NULL, 'book:bookinfo:delete', 1, NULL, NULL, 3, 1067246875800000001, '2020-06-22 08:16:32', 1067246875800000001, '2020-06-22 08:16:32', '1');
INSERT INTO `sys_resources` VALUES (1274858511481090055, 1274858511481090050, '导出', NULL, 'book:bookinfo:export', 1, NULL, NULL, 4, 1067246875800000001, '2020-06-22 08:16:32', 1067246875800000001, '2020-06-22 08:16:32', '1');
INSERT INTO `sys_resources` VALUES (1274859979323891713, 1284497590963318786, '图书管理', '', NULL, 0, -1, 'icon-control', 0, 1067246875800000001, '2020-06-22 08:21:19', 1067246875800000001, '2020-07-18 22:38:43', '0');
INSERT INTO `sys_resources` VALUES (1274877017945796610, 1274859979323891713, '图书分类管理', 'book/category', NULL, 0, -1, 'icon-desktop', 0, 1067246875800000001, '2020-06-22 09:30:03', 1, '2021-07-09 18:28:26', '0');
INSERT INTO `sys_resources` VALUES (1274877017945796611, 1274877017945796610, '查看', NULL, 'book:bookcategory:page,book:bookcategory:info', 1, NULL, NULL, 0, 1067246875800000001, '2020-06-22 09:30:03', 1067246875800000001, '2020-06-22 09:30:03', '0');
INSERT INTO `sys_resources` VALUES (1274877017945796612, 1274877017945796610, '新增', NULL, 'book:category:save', 1, NULL, NULL, 1, 1067246875800000001, '2020-06-22 09:30:03', 1067246875800000001, '2020-07-16 10:19:44', '0');
INSERT INTO `sys_resources` VALUES (1274877017945796613, 1274877017945796610, '修改', NULL, 'book:category:update', 1, NULL, NULL, 2, 1067246875800000001, '2020-06-22 09:30:03', 1067246875800000001, '2020-07-16 10:19:59', '0');
INSERT INTO `sys_resources` VALUES (1274877017945796614, 1274877017945796610, '删除', NULL, 'book:category:delete', 1, NULL, NULL, 3, 1067246875800000001, '2020-06-22 09:30:03', 1067246875800000001, '2020-07-16 10:20:10', '0');
INSERT INTO `sys_resources` VALUES (1274877017945796615, 1274877017945796610, '导出', NULL, 'book:category:export', 1, NULL, NULL, 4, 1067246875800000001, '2020-06-22 09:30:03', 1067246875800000001, '2020-07-16 10:20:16', '0');
INSERT INTO `sys_resources` VALUES (1275006369370890242, 1274859979323891713, 'IP限制管理', 'book/bookwebip', NULL, 0, -1, 'icon-desktop', 0, 1067246875800000001, '2020-06-22 18:07:15', 1067246875800000001, '2020-06-29 23:24:51', '1');
INSERT INTO `sys_resources` VALUES (1275006369370890243, 1275011445003026433, '查看', '', 'book:bookwebip:page,book:bookwebip:info', 1, NULL, '', 0, 1067246875800000001, '2020-06-22 18:07:15', NULL, NULL, '0');
INSERT INTO `sys_resources` VALUES (1275006369370890244, 1275011445003026433, '新增', '', 'book:bookwebip:save', 1, NULL, '', 1, 1067246875800000001, '2020-06-22 18:07:15', NULL, NULL, '0');
INSERT INTO `sys_resources` VALUES (1275006369370890245, 1275011445003026433, '修改', '', 'book:bookwebip:update', 1, NULL, '', 2, 1067246875800000001, '2020-06-22 18:07:15', NULL, NULL, '0');
INSERT INTO `sys_resources` VALUES (1275006369370890246, 1275011445003026433, '删除', '', 'book:bookwebip:delete', 1, NULL, '', 3, 1067246875800000001, '2020-06-22 18:07:15', NULL, NULL, '0');
INSERT INTO `sys_resources` VALUES (1275006369370890247, 1275006369370890242, '导出', NULL, 'book:bookwebip:export', 1, NULL, NULL, 4, 1067246875800000001, '2020-06-22 18:07:15', 1067246875800000001, '2020-06-22 18:07:15', '1');
INSERT INTO `sys_resources` VALUES (1275011160826347522, 1284497590963318786, '访问管理', '', NULL, 0, -1, 'icon-codepen', 0, 1067246875800000001, '2020-06-22 18:22:04', 1067246875800000001, '2020-07-18 22:38:35', '0');
INSERT INTO `sys_resources` VALUES (1275011445003026433, 1275011160826347522, 'IP限制管理', 'book/bookwebip', NULL, 0, -1, 'icon-smile', 0, 1067246875800000001, '2020-06-22 18:23:12', 1067246875800000001, '2020-06-22 18:24:35', '0');
INSERT INTO `sys_resources` VALUES (1275080274618023937, 1274859979323891713, '轮播图片', 'book/bookpiccarousel', NULL, 0, -1, 'icon-desktop', 0, 1067246875800000001, '2020-06-22 23:03:00', 1067246875800000001, '2020-06-29 23:24:29', '0');
INSERT INTO `sys_resources` VALUES (1275080274618023938, 1275080274618023937, '查看', NULL, 'book:bookpiccarousel:page,book:bookpiccarousel:info', 1, NULL, NULL, 0, 1067246875800000001, '2020-06-22 23:03:00', 1067246875800000001, '2020-06-22 23:03:00', '0');
INSERT INTO `sys_resources` VALUES (1275080274618023939, 1275080274618023937, '新增', NULL, 'book:bookpiccarousel:save', 1, NULL, NULL, 1, 1067246875800000001, '2020-06-22 23:03:00', 1067246875800000001, '2020-06-22 23:03:00', '0');
INSERT INTO `sys_resources` VALUES (1275080274618023940, 1275080274618023937, '修改', NULL, 'book:bookpiccarousel:update', 1, NULL, NULL, 2, 1067246875800000001, '2020-06-22 23:03:00', 1067246875800000001, '2020-06-22 23:03:00', '0');
INSERT INTO `sys_resources` VALUES (1275080274618023941, 1275080274618023937, '删除', NULL, 'book:bookpiccarousel:delete', 1, NULL, NULL, 3, 1067246875800000001, '2020-06-22 23:03:00', 1067246875800000001, '2020-06-22 23:03:00', '0');
INSERT INTO `sys_resources` VALUES (1275080274618023942, 1275080274618023937, '导出', NULL, 'book:bookpiccarousel:export', 1, NULL, NULL, 4, 1067246875800000001, '2020-06-22 23:03:00', 1067246875800000001, '2020-06-22 23:03:00', '0');
INSERT INTO `sys_resources` VALUES (1276455402323759106, 1276455402323759105, '查看', NULL, 'book:category:page,book:category:info', 1, NULL, NULL, 0, 1067246875800000001, '2020-06-26 18:26:59', 1067246875800000001, '2020-06-26 18:26:59', '1');
INSERT INTO `sys_resources` VALUES (1276455402323759108, 1276455402323759105, '修改', NULL, 'book:category:update', 1, NULL, NULL, 2, 1067246875800000001, '2020-06-26 18:27:19', 1067246875800000001, '2020-06-26 18:27:19', '1');
INSERT INTO `sys_resources` VALUES (1276455402323759110, 1276455402323759105, '导出', NULL, 'book:category:export', 1, NULL, NULL, 4, 1067246875800000001, '2020-06-26 18:27:30', 1067246875800000001, '2020-06-26 18:27:30', '1');
INSERT INTO `sys_resources` VALUES (1284497590963318786, 0, '其他功能', '', NULL, 0, -1, 'icon-file-zip', 2, 1067246875800000001, '2020-07-18 22:37:45', 1, '2021-08-23 17:43:38', '0');
INSERT INTO `sys_resources` VALUES (1294817498527911938, 3333333333333333333, '前台菜单', 'web/viewmenu', NULL, 0, -1, 'icon-desktop', 1, 1067246875800000001, '2020-08-16 10:07:23', 1, '2021-08-23 17:37:36', '0');
INSERT INTO `sys_resources` VALUES (1294817498527911939, 1294817498527911938, NULL, NULL, 'demo:viewmenu:tree,demo:viewmenu:info', 1, NULL, NULL, 0, 1067246875800000001, '2020-08-16 10:07:23', 1067246875800000001, '2020-08-16 10:07:23', '0');
INSERT INTO `sys_resources` VALUES (1294817498527911940, 1294817498527911938, NULL, NULL, 'demo:viewmenu:save', 1, NULL, NULL, 1, 1067246875800000001, '2020-08-16 10:07:23', 1067246875800000001, '2020-08-16 10:07:23', '0');
INSERT INTO `sys_resources` VALUES (1294817498527911941, 1294817498527911938, NULL, NULL, 'demo:viewmenu:update', 1, NULL, NULL, 2, 1067246875800000001, '2020-08-16 10:07:23', 1067246875800000001, '2020-08-16 10:07:23', '0');
INSERT INTO `sys_resources` VALUES (1294817498527911942, 1294817498527911938, NULL, NULL, 'demo:viewmenu:delete', 1, NULL, NULL, 3, 1067246875800000001, '2020-08-16 10:07:23', 1067246875800000001, '2020-08-16 10:07:23', '0');
INSERT INTO `sys_resources` VALUES (1294817498527911943, 1294817498527911938, NULL, NULL, 'demo:viewmenu:export', 1, NULL, NULL, 4, 1067246875800000001, '2020-08-16 10:07:24', 1067246875800000001, '2020-08-16 10:07:24', '0');
INSERT INTO `sys_resources` VALUES (1423284840498114562, 1067246875800000035, '公司管理', 'sys/com', 'sys:dept:page,sys:dept:list', 0, -1, 'icon-crown', 0, 1, '2021-08-05 22:08:44', 1, '2021-08-05 22:38:37', '1');
INSERT INTO `sys_resources` VALUES (1423285537897623553, 1423284840498114562, '发方法', '', NULL, 1, NULL, '', 0, 1, '2021-08-05 22:11:30', 1, '2021-08-05 22:11:30', '1');
INSERT INTO `sys_resources` VALUES (1427185696103231489, 3333333333333333333, '资金流动记录', 'web/shared_info_tag', NULL, 0, -1, 'icon-desktop', 99, 1067246875800000001, '2021-08-16 16:51:29', 1, '2021-08-16 17:11:17', '1');
INSERT INTO `sys_resources` VALUES (1427185696103231490, 1427185696103231489, '页面', NULL, 'inOutMoney:modinoutmoney:page,inOutMoney:modinoutmoney:info', 1, NULL, NULL, 0, 1067246875800000001, '2021-08-16 16:51:29', 1, '2021-08-16 17:12:07', '1');
INSERT INTO `sys_resources` VALUES (1427185696103231491, 1427185696103231489, '保存', NULL, 'inOutMoney:modinoutmoney:save', 1, NULL, NULL, 1, 1067246875800000001, '2021-08-16 16:51:29', 1, '2021-08-16 17:12:18', '1');
INSERT INTO `sys_resources` VALUES (1427185696103231492, 1427185696103231489, '修改', NULL, 'inOutMoney:modinoutmoney:update', 1, NULL, NULL, 2, 1067246875800000001, '2021-08-16 16:51:29', 1, '2021-08-16 17:12:28', '1');
INSERT INTO `sys_resources` VALUES (1427185696103231493, 1427185696103231489, '删除', NULL, 'inOutMoney:modinoutmoney:delete', 1, NULL, NULL, 3, 1067246875800000001, '2021-08-16 16:51:29', 1, '2021-08-16 17:12:35', '1');
INSERT INTO `sys_resources` VALUES (1427185696103231494, 1427185696279392258, '导出', NULL, 'shared:tag:export', 1, NULL, NULL, 4, 1067246875800000001, '2021-08-16 16:51:29', 1067246875800000001, '2021-08-16 16:51:29', '0');
INSERT INTO `sys_resources` VALUES (1427185696279392258, 3333333333333333333, '信息类型', 'web/shared-tag', NULL, 0, -1, 'icon-desktop', 2, 1067246875800000001, '2021-08-16 16:51:12', 1067246875800000001, '2021-08-16 16:51:12', '0');
INSERT INTO `sys_resources` VALUES (1427185696279392259, 1427185696279392258, '页面', NULL, 'shared:tag:page,shared:tag:info', 1, NULL, NULL, 0, 1067246875800000001, '2021-08-16 16:51:12', 1067246875800000001, '2021-08-16 16:51:12', '0');
INSERT INTO `sys_resources` VALUES (1427185696279392260, 1427185696279392258, '保存', NULL, 'shared:tag:save', 1, NULL, NULL, 1, 1067246875800000001, '2021-08-16 16:51:12', 1067246875800000001, '2021-08-16 16:51:12', '0');
INSERT INTO `sys_resources` VALUES (1427185696279392261, 1427185696279392258, '删除', NULL, 'shared:tag:update', 1, NULL, NULL, 2, 1067246875800000001, '2021-08-16 16:51:12', 1067246875800000001, '2021-08-16 16:51:12', '0');
INSERT INTO `sys_resources` VALUES (1427185696279392262, 1427185696279392258, '保存', NULL, 'shared:tag:delete', 1, NULL, NULL, 3, 1067246875800000001, '2021-08-16 16:51:12', 1067246875800000001, '2021-08-16 16:51:12', '0');
INSERT INTO `sys_resources` VALUES (1427185696279392263, 1427185696279392258, '导出', NULL, 'shared:tag:export', 1, NULL, NULL, 4, 1067246875800000001, '2021-08-16 16:51:12', 1067246875800000001, '2021-08-16 16:51:12', '1');
INSERT INTO `sys_resources` VALUES (1474545855069859842, 0, '测试', '', NULL, 0, -1, 'icon-appstore', 0, 1, '2021-12-25 09:01:42', 1, '2021-12-25 09:01:42', '0');
INSERT INTO `sys_resources` VALUES (1474550842202161154, 1474545855069859842, 'cs1', '', NULL, 0, NULL, '', 0, 1, '2021-12-25 09:21:31', 1, '2021-12-25 09:21:31', '0');
INSERT INTO `sys_resources` VALUES (1474551643133870082, 1474550842202161154, 'name1', '', 'cs:row:c1', 2, NULL, '', 0, 1, '2021-12-25 09:24:42', NULL, NULL, '0');
INSERT INTO `sys_resources` VALUES (1474625186555117570, 1474550842202161154, 'age', '', '', 2, NULL, '', 1, 1, '2021-12-25 14:16:56', 1, '2021-12-25 14:16:56', '0');
INSERT INTO `sys_resources` VALUES (1474629940593180674, 1474550842202161154, 'cs-11', '', 'sys:cs:cs:11', 0, -1, 'icon-YUAN', 0, 1, '2021-12-25 14:35:50', 1, '2021-12-25 14:35:50', '0');
INSERT INTO `sys_resources` VALUES (3333333333333333333, 0, '网站管理', NULL, 'sys:menu:nav', 0, -1, 'icon-setting', 1, 1067246875800000001, '2020-06-20 15:25:46', 1, '2021-08-23 17:37:13', '0');

-- ----------------------------
-- Table structure for sys_role
-- ----------------------------
DROP TABLE IF EXISTS `sys_role`;
CREATE TABLE `sys_role`  (
  `id` bigint NOT NULL COMMENT 'id',
  `name` varchar(50) CHARACTER SET utf8mb4 COLLATE utf8mb4_general_ci NULL DEFAULT NULL COMMENT '角色名称',
  `remark` varchar(100) CHARACTER SET utf8mb4 COLLATE utf8mb4_general_ci NULL DEFAULT NULL COMMENT '备注',
  `dept_id` bigint NULL DEFAULT NULL COMMENT '部门ID',
  `creator` bigint NULL DEFAULT NULL COMMENT '创建者',
  `create_date` datetime NULL DEFAULT NULL COMMENT '创建时间',
  `updater` bigint NULL DEFAULT NULL COMMENT '更新者',
  `update_date` datetime NULL DEFAULT NULL COMMENT '更新时间',
  `company_id` bigint NULL DEFAULT NULL,
  `del_flag` varchar(3) CHARACTER SET utf8mb4 COLLATE utf8mb4_general_ci NULL DEFAULT NULL,
  PRIMARY KEY (`id`) USING BTREE,
  INDEX `idx_dept_id`(`dept_id`) USING BTREE
) ENGINE = InnoDB CHARACTER SET = utf8mb4 COLLATE = utf8mb4_general_ci COMMENT = '角色管理' ROW_FORMAT = Dynamic;

-- ----------------------------
-- Records of sys_role
-- ----------------------------
INSERT INTO `sys_role` VALUES (1274368172922916865, '测试角色', '测试角色', NULL, 1067246875800000001, '2020-06-20 23:47:04', 1067246875800000001, '2020-06-20 23:47:04', NULL, '0');
INSERT INTO `sys_role` VALUES (1421476705695756290, '普通人员', '普通人员', NULL, 1, '2021-07-31 22:23:51', 1, '2021-08-01 10:00:45', -1, '0');
INSERT INTO `sys_role` VALUES (1421651885717987330, '公司权限', '公司权限', NULL, 1, '2021-08-01 09:59:57', 1, '2021-08-01 09:59:57', -1, '0');

-- ----------------------------
-- Table structure for sys_role_data_scope
-- ----------------------------
DROP TABLE IF EXISTS `sys_role_data_scope`;
CREATE TABLE `sys_role_data_scope`  (
  `id` bigint NOT NULL COMMENT 'id',
  `role_id` bigint NULL DEFAULT NULL COMMENT '角色ID',
  `dept_id` bigint NULL DEFAULT NULL COMMENT '部门ID',
  `creator` bigint NULL DEFAULT NULL COMMENT '创建者',
  `create_date` datetime NULL DEFAULT NULL COMMENT '创建时间',
  PRIMARY KEY (`id`) USING BTREE,
  INDEX `idx_role_id`(`role_id`) USING BTREE
) ENGINE = InnoDB CHARACTER SET = utf8mb4 COLLATE = utf8mb4_general_ci COMMENT = '角色数据权限' ROW_FORMAT = Dynamic;

-- ----------------------------
-- Records of sys_role_data_scope
-- ----------------------------
INSERT INTO `sys_role_data_scope` VALUES (1274368179117903874, 1274368172922916865, 1067246875800000066, 1067246875800000001, '2020-06-20 23:47:05');
INSERT INTO `sys_role_data_scope` VALUES (1274368179231150082, 1274368172922916865, 1067246875800000064, 1067246875800000001, '2020-06-20 23:47:05');
INSERT INTO `sys_role_data_scope` VALUES (1274368179327619074, 1274368172922916865, 1067246875800000065, 1067246875800000001, '2020-06-20 23:47:05');
INSERT INTO `sys_role_data_scope` VALUES (1274368179432476674, 1274368172922916865, 1067246875800000067, 1067246875800000001, '2020-06-20 23:47:05');
INSERT INTO `sys_role_data_scope` VALUES (1274368179528945666, 1274368172922916865, 1067246875800000063, 1067246875800000001, '2020-06-20 23:47:05');
INSERT INTO `sys_role_data_scope` VALUES (1274368179625414657, 1274368172922916865, 1067246875800000068, 1067246875800000001, '2020-06-20 23:47:05');
INSERT INTO `sys_role_data_scope` VALUES (1274368179730272258, 1274368172922916865, 1067246875800000062, 1067246875800000001, '2020-06-20 23:47:05');

-- ----------------------------
-- Table structure for sys_role_menu
-- ----------------------------
DROP TABLE IF EXISTS `sys_role_menu`;
CREATE TABLE `sys_role_menu`  (
  `id` bigint NOT NULL COMMENT 'id',
  `role_id` bigint NULL DEFAULT NULL COMMENT '角色ID',
  `menu_id` bigint NULL DEFAULT NULL COMMENT '菜单ID',
  `creator` bigint NULL DEFAULT NULL COMMENT '创建者',
  `create_date` datetime NULL DEFAULT NULL COMMENT '创建时间',
  `del_flag` varchar(2) CHARACTER SET utf8mb4 COLLATE utf8mb4_general_ci NULL DEFAULT NULL,
  PRIMARY KEY (`id`) USING BTREE,
  INDEX `idx_role_id`(`role_id`) USING BTREE,
  INDEX `idx_menu_id`(`menu_id`) USING BTREE
) ENGINE = InnoDB CHARACTER SET = utf8mb4 COLLATE = utf8mb4_general_ci COMMENT = '角色菜单关系' ROW_FORMAT = Dynamic;

-- ----------------------------
-- Records of sys_role_menu
-- ----------------------------
INSERT INTO `sys_role_menu` VALUES (1274368173174575105, 1274368172922916865, 1067246875800000002, 1067246875800000001, '2020-06-20 23:47:04', '0');
INSERT INTO `sys_role_menu` VALUES (1274368173283627009, 1274368172922916865, 1067246875800000055, 1067246875800000001, '2020-06-20 23:47:04', '0');
INSERT INTO `sys_role_menu` VALUES (1274368173401067521, 1274368172922916865, 1067246875800000056, 1067246875800000001, '2020-06-20 23:47:04', '0');
INSERT INTO `sys_role_menu` VALUES (1274368173497536514, 1274368172922916865, 1067246875800000003, 1067246875800000001, '2020-06-20 23:47:04', '0');
INSERT INTO `sys_role_menu` VALUES (1274368173598199809, 1274368172922916865, 1067246875800000004, 1067246875800000001, '2020-06-20 23:47:04', '0');
INSERT INTO `sys_role_menu` VALUES (1274368173707251714, 1274368172922916865, 1067246875800000005, 1067246875800000001, '2020-06-20 23:47:04', '0');
INSERT INTO `sys_role_menu` VALUES (1274368173812109314, 1274368172922916865, 1067246875800000006, 1067246875800000001, '2020-06-20 23:47:04', '0');
INSERT INTO `sys_role_menu` VALUES (1274368173937938433, 1274368172922916865, 1067246875800000012, 1067246875800000001, '2020-06-20 23:47:04', '0');
INSERT INTO `sys_role_menu` VALUES (1274368174042796033, 1274368172922916865, 1067246875800000014, 1067246875800000001, '2020-06-20 23:47:04', '0');
INSERT INTO `sys_role_menu` VALUES (1274368174160236545, 1274368172922916865, 1067246875800000015, 1067246875800000001, '2020-06-20 23:47:04', '0');
INSERT INTO `sys_role_menu` VALUES (1274368174269288450, 1274368172922916865, 1067246875800000016, 1067246875800000001, '2020-06-20 23:47:04', '0');
INSERT INTO `sys_role_menu` VALUES (1274368174374146050, 1274368172922916865, 1067246875800000017, 1067246875800000001, '2020-06-20 23:47:04', '0');
INSERT INTO `sys_role_menu` VALUES (1274368174483197953, 1274368172922916865, 1067246875800000007, 1067246875800000001, '2020-06-20 23:47:04', '0');
INSERT INTO `sys_role_menu` VALUES (1274368174596444162, 1274368172922916865, 1067246875800000008, 1067246875800000001, '2020-06-20 23:47:04', '0');
INSERT INTO `sys_role_menu` VALUES (1274368174705496065, 1274368172922916865, 1067246875800000009, 1067246875800000001, '2020-06-20 23:47:04', '0');
INSERT INTO `sys_role_menu` VALUES (1274368174814547969, 1274368172922916865, 1067246875800000010, 1067246875800000001, '2020-06-20 23:47:04', '0');
INSERT INTO `sys_role_menu` VALUES (1274368174919405569, 1274368172922916865, 1067246875800000011, 1067246875800000001, '2020-06-20 23:47:04', '0');
INSERT INTO `sys_role_menu` VALUES (1274368175036846081, 1274368172922916865, 1067246875800000035, 1067246875800000001, '2020-06-20 23:47:04', '0');
INSERT INTO `sys_role_menu` VALUES (1274368175141703681, 1274368172922916865, 1067246875800000025, 1067246875800000001, '2020-06-20 23:47:04', '0');
INSERT INTO `sys_role_menu` VALUES (1274368175263338497, 1274368172922916865, 1067246875800000026, 1067246875800000001, '2020-06-20 23:47:04', '0');
INSERT INTO `sys_role_menu` VALUES (1274368175376584706, 1274368172922916865, 1067246875800000027, 1067246875800000001, '2020-06-20 23:47:04', '0');
INSERT INTO `sys_role_menu` VALUES (1274368175481442306, 1274368172922916865, 1067246875800000028, 1067246875800000001, '2020-06-20 23:47:04', '0');
INSERT INTO `sys_role_menu` VALUES (1274368175603077121, 1274368172922916865, 1067246875800000029, 1067246875800000001, '2020-06-20 23:47:04', '0');
INSERT INTO `sys_role_menu` VALUES (1274368175720517633, 1274368172922916865, 1067246875800000040, 1067246875800000001, '2020-06-20 23:47:04', '0');
INSERT INTO `sys_role_menu` VALUES (1274368175812792321, 1274368172922916865, 1067246875800000059, 1067246875800000001, '2020-06-20 23:47:04', '0');
INSERT INTO `sys_role_menu` VALUES (1274368175926038530, 1274368172922916865, 1067246875800000057, 1067246875800000001, '2020-06-20 23:47:04', '0');
INSERT INTO `sys_role_menu` VALUES (1274368176026701825, 1274368172922916865, 1067246875800000060, 1067246875800000001, '2020-06-20 23:47:04', '0');
INSERT INTO `sys_role_menu` VALUES (1274368176123170818, 1274368172922916865, 1067246875800000061, 1067246875800000001, '2020-06-20 23:47:04', '0');
INSERT INTO `sys_role_menu` VALUES (1274368176223834113, 1274368172922916865, 1067246875800000058, 1067246875800000001, '2020-06-20 23:47:04', '0');
INSERT INTO `sys_role_menu` VALUES (1274368176341274626, 1274368172922916865, 1067246875800000041, 1067246875800000001, '2020-06-20 23:47:05', '0');
INSERT INTO `sys_role_menu` VALUES (1274368176454520834, 1274368172922916865, 1067246875800000042, 1067246875800000001, '2020-06-20 23:47:05', '0');
INSERT INTO `sys_role_menu` VALUES (1274368176559378433, 1274368172922916865, 1067246875800000043, 1067246875800000001, '2020-06-20 23:47:05', '0');
INSERT INTO `sys_role_menu` VALUES (1274368176668430338, 1274368172922916865, 1067246875800000044, 1067246875800000001, '2020-06-20 23:47:05', '0');
INSERT INTO `sys_role_menu` VALUES (1274368176769093634, 1274368172922916865, 1067246875800000045, 1067246875800000001, '2020-06-20 23:47:05', '0');
INSERT INTO `sys_role_menu` VALUES (1274368176878145538, 1274368172922916865, 1067246875800000030, 1067246875800000001, '2020-06-20 23:47:05', '0');
INSERT INTO `sys_role_menu` VALUES (1274368176978808833, 1274368172922916865, 1067246875800000031, 1067246875800000001, '2020-06-20 23:47:05', '0');
INSERT INTO `sys_role_menu` VALUES (1274368177087860738, 1274368172922916865, 1067246875800000032, 1067246875800000001, '2020-06-20 23:47:05', '0');
INSERT INTO `sys_role_menu` VALUES (1274368177192718338, 1274368172922916865, 1067246875800000033, 1067246875800000001, '2020-06-20 23:47:05', '0');
INSERT INTO `sys_role_menu` VALUES (1274368177314353154, 1274368172922916865, 1067246875800000034, 1067246875800000001, '2020-06-20 23:47:05', '0');
INSERT INTO `sys_role_menu` VALUES (1274368177427599362, 1274368172922916865, 1067246875800000036, 1067246875800000001, '2020-06-20 23:47:05', '0');
INSERT INTO `sys_role_menu` VALUES (1274368177528262657, 1274368172922916865, 1067246875800000037, 1067246875800000001, '2020-06-20 23:47:05', '0');
INSERT INTO `sys_role_menu` VALUES (1274368177633120257, 1274368172922916865, 1067246875800000038, 1067246875800000001, '2020-06-20 23:47:05', '0');
INSERT INTO `sys_role_menu` VALUES (1274368177729589249, 1274368172922916865, 1067246875800000039, 1067246875800000001, '2020-06-20 23:47:05', '0');
INSERT INTO `sys_role_menu` VALUES (1274368177830252546, 1274368172922916865, 1158267114314842115, 1067246875800000001, '2020-06-20 23:47:05', '0');
INSERT INTO `sys_role_menu` VALUES (1274368177930915841, 1274368172922916865, 1158267114314842116, 1067246875800000001, '2020-06-20 23:47:05', '0');
INSERT INTO `sys_role_menu` VALUES (1274368178048356353, 1274368172922916865, 1158267114314842117, 1067246875800000001, '2020-06-20 23:47:05', '0');
INSERT INTO `sys_role_menu` VALUES (1274368178157408258, 1274368172922916865, 1158267114314842118, 1067246875800000001, '2020-06-20 23:47:05', '0');
INSERT INTO `sys_role_menu` VALUES (1274368178258071554, 1274368172922916865, 1158267114314842119, 1067246875800000001, '2020-06-20 23:47:05', '0');
INSERT INTO `sys_role_menu` VALUES (1274368178367123458, 1274368172922916865, 1067246875800000047, 1067246875800000001, '2020-06-20 23:47:05', '0');
INSERT INTO `sys_role_menu` VALUES (1274368178476175361, 1274368172922916865, 1067246875800000053, 1067246875800000001, '2020-06-20 23:47:05', '0');
INSERT INTO `sys_role_menu` VALUES (1274368178589421569, 1274368172922916865, 1067246875800000051, 1067246875800000001, '2020-06-20 23:47:05', '0');
INSERT INTO `sys_role_menu` VALUES (1274368178694279169, 1274368172922916865, 1156748733921165314, 1067246875800000001, '2020-06-20 23:47:05', '0');
INSERT INTO `sys_role_menu` VALUES (1274368178899800065, 1274368172922916865, 1067246875800000052, 1067246875800000001, '2020-06-20 23:47:05', '0');
INSERT INTO `sys_role_menu` VALUES (1421651885827039234, 1421651885717987330, 1067246875800000024, 1, '2021-08-01 09:59:57', '0');
INSERT INTO `sys_role_menu` VALUES (1421651885843816449, 1421651885717987330, 1067246875800000035, 1, '2021-08-01 09:59:57', '0');
INSERT INTO `sys_role_menu` VALUES (1421651885860593665, 1421651885717987330, 1067246875800000002, 1, '2021-08-01 09:59:57', '0');
INSERT INTO `sys_role_menu` VALUES (1421651885877370881, 1421651885717987330, 1067246875800000052, 1, '2021-08-01 09:59:57', '0');
INSERT INTO `sys_role_menu` VALUES (1421651885889953793, 1421651885717987330, 1067246875800000007, 1, '2021-08-01 09:59:57', '0');
INSERT INTO `sys_role_menu` VALUES (1421651885906731010, 1421651885717987330, 1067246875800000008, 1, '2021-08-01 09:59:57', '0');
INSERT INTO `sys_role_menu` VALUES (1421651885927702529, 1421651885717987330, 1067246875800000009, 1, '2021-08-01 09:59:57', '0');
INSERT INTO `sys_role_menu` VALUES (1421651885936091138, 1421651885717987330, 1067246875800000010, 1, '2021-08-01 09:59:57', '0');
INSERT INTO `sys_role_menu` VALUES (1421651885957062658, 1421651885717987330, 1067246875800000011, 1, '2021-08-01 09:59:57', '0');
INSERT INTO `sys_role_menu` VALUES (1421651885969645570, 1421651885717987330, 1067246875800000012, 1, '2021-08-01 09:59:57', '0');
INSERT INTO `sys_role_menu` VALUES (1421651885986422785, 1421651885717987330, 1067246875800000014, 1, '2021-08-01 09:59:57', '0');
INSERT INTO `sys_role_menu` VALUES (1421651885994811393, 1421651885717987330, 1067246875800000015, 1, '2021-08-01 09:59:57', '0');
INSERT INTO `sys_role_menu` VALUES (1421651886015782914, 1421651885717987330, 1067246875800000016, 1, '2021-08-01 09:59:57', '0');
INSERT INTO `sys_role_menu` VALUES (1421651886028365826, 1421651885717987330, 1067246875800000017, 1, '2021-08-01 09:59:57', '0');
INSERT INTO `sys_role_menu` VALUES (1421651886045143041, 1421651885717987330, 1067246875800000025, 1, '2021-08-01 09:59:57', '0');
INSERT INTO `sys_role_menu` VALUES (1421651886061920257, 1421651885717987330, 1067246875800000026, 1, '2021-08-01 09:59:57', '0');
INSERT INTO `sys_role_menu` VALUES (1421651886070308866, 1421651885717987330, 1067246875800000027, 1, '2021-08-01 09:59:57', '0');
INSERT INTO `sys_role_menu` VALUES (1421651886087086081, 1421651885717987330, 1067246875800000028, 1, '2021-08-01 09:59:57', '0');
INSERT INTO `sys_role_menu` VALUES (1421651886103863298, 1421651885717987330, 1067246875800000029, 1, '2021-08-01 09:59:57', '0');
INSERT INTO `sys_role_menu` VALUES (1464163459174596609, 1421651885717987300, 1067246875800000002, 1293446992507695105, '2021-11-26 17:25:46', '0');
INSERT INTO `sys_role_menu` VALUES (1464163459187179522, 1421651885717987300, 1067246875800000055, 1293446992507695105, '2021-11-26 17:25:46', '0');
INSERT INTO `sys_role_menu` VALUES (1464163459191373826, 1421651885717987300, 1067246875800000056, 1293446992507695105, '2021-11-26 17:25:46', '0');
INSERT INTO `sys_role_menu` VALUES (1464163459191373827, 1421651885717987300, 1067246875800000003, 1293446992507695105, '2021-11-26 17:25:46', '0');
INSERT INTO `sys_role_menu` VALUES (1464163459199762433, 1421651885717987300, 1067246875800000004, 1293446992507695105, '2021-11-26 17:25:46', '0');
INSERT INTO `sys_role_menu` VALUES (1464163459203956738, 1421651885717987300, 1067246875800000005, 1293446992507695105, '2021-11-26 17:25:46', '0');
INSERT INTO `sys_role_menu` VALUES (1464163459203956739, 1421651885717987300, 1067246875800000006, 1293446992507695105, '2021-11-26 17:25:46', '0');
INSERT INTO `sys_role_menu` VALUES (1464163459212345346, 1421651885717987300, 1067246875800000012, 1293446992507695105, '2021-11-26 17:25:46', '0');
INSERT INTO `sys_role_menu` VALUES (1464163459212345347, 1421651885717987300, 1067246875800000014, 1293446992507695105, '2021-11-26 17:25:46', '0');
INSERT INTO `sys_role_menu` VALUES (1464163459212345348, 1421651885717987300, 1067246875800000015, 1293446992507695105, '2021-11-26 17:25:46', '0');
INSERT INTO `sys_role_menu` VALUES (1464163459220733954, 1421651885717987300, 1067246875800000016, 1293446992507695105, '2021-11-26 17:25:46', '0');
INSERT INTO `sys_role_menu` VALUES (1464163459220733955, 1421651885717987300, 1067246875800000017, 1293446992507695105, '2021-11-26 17:25:46', '0');
INSERT INTO `sys_role_menu` VALUES (1464163459224928257, 1421651885717987300, 1067246875800000007, 1293446992507695105, '2021-11-26 17:25:46', '0');
INSERT INTO `sys_role_menu` VALUES (1464163459224928258, 1421651885717987300, 1067246875800000008, 1293446992507695105, '2021-11-26 17:25:46', '0');
INSERT INTO `sys_role_menu` VALUES (1464163459229122561, 1421651885717987300, 1067246875800000009, 1293446992507695105, '2021-11-26 17:25:46', '0');
INSERT INTO `sys_role_menu` VALUES (1464163459229122562, 1421651885717987300, 1067246875800000010, 1293446992507695105, '2021-11-26 17:25:46', '0');
INSERT INTO `sys_role_menu` VALUES (1464163459229122563, 1421651885717987300, 1067246875800000011, 1293446992507695105, '2021-11-26 17:25:46', '0');
INSERT INTO `sys_role_menu` VALUES (1464163459237511169, 1421651885717987300, 1067246875800000024, 1293446992507695105, '2021-11-26 17:25:46', '0');
INSERT INTO `sys_role_menu` VALUES (1464163459237511170, 1421651885717987300, 1067246875800000021, 1293446992507695105, '2021-11-26 17:25:46', '0');
INSERT INTO `sys_role_menu` VALUES (1464163459241705473, 1421651885717987300, 1067246875800000303, 1293446992507695105, '2021-11-26 17:25:46', '0');
INSERT INTO `sys_role_menu` VALUES (1464163459241705474, 1421651885717987300, 1067246875800000022, 1293446992507695105, '2021-11-26 17:25:46', '0');
INSERT INTO `sys_role_menu` VALUES (1464163459241705475, 1421651885717987300, 1067246875800000023, 1293446992507695105, '2021-11-26 17:25:46', '0');
INSERT INTO `sys_role_menu` VALUES (1464163459245899778, 1421651885717987300, 1067246875800000300, 1293446992507695105, '2021-11-26 17:25:46', '0');
INSERT INTO `sys_role_menu` VALUES (1464163459245899779, 1421651885717987300, 1067246875800000302, 1293446992507695105, '2021-11-26 17:25:46', '0');
INSERT INTO `sys_role_menu` VALUES (1464163459245899780, 1421651885717987300, 1067246875800000301, 1293446992507695105, '2021-11-26 17:25:46', '0');
INSERT INTO `sys_role_menu` VALUES (1464163459245899781, 1421651885717987300, 1067246875800000035, 1293446992507695105, '2021-11-26 17:25:46', '0');
INSERT INTO `sys_role_menu` VALUES (1464163459254288386, 1421651885717987300, 1067246875800000025, 1293446992507695105, '2021-11-26 17:25:46', '0');
INSERT INTO `sys_role_menu` VALUES (1464163459254288387, 1421651885717987300, 1067246875800000026, 1293446992507695105, '2021-11-26 17:25:46', '0');
INSERT INTO `sys_role_menu` VALUES (1464163459254288388, 1421651885717987300, 1067246875800000027, 1293446992507695105, '2021-11-26 17:25:46', '0');
INSERT INTO `sys_role_menu` VALUES (1464163459254288389, 1421651885717987300, 1067246875800000028, 1293446992507695105, '2021-11-26 17:25:46', '0');
INSERT INTO `sys_role_menu` VALUES (1464163459262676993, 1421651885717987300, 1067246875800000029, 1293446992507695105, '2021-11-26 17:25:46', '0');
INSERT INTO `sys_role_menu` VALUES (1464163459262676994, 1421651885717987300, 1067246875800000040, 1293446992507695105, '2021-11-26 17:25:46', '0');
INSERT INTO `sys_role_menu` VALUES (1464163459266871297, 1421651885717987300, 1067246875800000059, 1293446992507695105, '2021-11-26 17:25:46', '0');
INSERT INTO `sys_role_menu` VALUES (1464163459266871298, 1421651885717987300, 1067246875800000057, 1293446992507695105, '2021-11-26 17:25:46', '0');
INSERT INTO `sys_role_menu` VALUES (1464163459266871299, 1421651885717987300, 1067246875800000060, 1293446992507695105, '2021-11-26 17:25:46', '0');
INSERT INTO `sys_role_menu` VALUES (1464163459266871300, 1421651885717987300, 1067246875800000061, 1293446992507695105, '2021-11-26 17:25:46', '0');
INSERT INTO `sys_role_menu` VALUES (1464163459275259906, 1421651885717987300, 1067246875800000058, 1293446992507695105, '2021-11-26 17:25:46', '0');
INSERT INTO `sys_role_menu` VALUES (1464163459275259907, 1421651885717987300, 1067246875800000041, 1293446992507695105, '2021-11-26 17:25:46', '0');
INSERT INTO `sys_role_menu` VALUES (1464163459275259908, 1421651885717987300, 1067246875800000042, 1293446992507695105, '2021-11-26 17:25:46', '0');
INSERT INTO `sys_role_menu` VALUES (1464163459275259909, 1421651885717987300, 1067246875800000043, 1293446992507695105, '2021-11-26 17:25:46', '0');
INSERT INTO `sys_role_menu` VALUES (1464163459275259910, 1421651885717987300, 1067246875800000044, 1293446992507695105, '2021-11-26 17:25:46', '0');
INSERT INTO `sys_role_menu` VALUES (1464163459283648513, 1421651885717987300, 1067246875800000045, 1293446992507695105, '2021-11-26 17:25:46', '0');
INSERT INTO `sys_role_menu` VALUES (1464163459283648514, 1421651885717987300, 1067246875800000030, 1293446992507695105, '2021-11-26 17:25:46', '0');
INSERT INTO `sys_role_menu` VALUES (1464163459287842817, 1421651885717987300, 1067246875800000031, 1293446992507695105, '2021-11-26 17:25:46', '0');
INSERT INTO `sys_role_menu` VALUES (1464163459287842818, 1421651885717987300, 1067246875800000032, 1293446992507695105, '2021-11-26 17:25:46', '0');
INSERT INTO `sys_role_menu` VALUES (1464163459292037122, 1421651885717987300, 1067246875800000033, 1293446992507695105, '2021-11-26 17:25:46', '0');
INSERT INTO `sys_role_menu` VALUES (1464163459292037123, 1421651885717987300, 1067246875800000034, 1293446992507695105, '2021-11-26 17:25:46', '0');
INSERT INTO `sys_role_menu` VALUES (1464163459292037124, 1421651885717987300, 1067246875800000036, 1293446992507695105, '2021-11-26 17:25:46', '0');
INSERT INTO `sys_role_menu` VALUES (1464163459292037125, 1421651885717987300, 1067246875800000037, 1293446992507695105, '2021-11-26 17:25:46', '0');
INSERT INTO `sys_role_menu` VALUES (1464163459300425729, 1421651885717987300, 1067246875800000038, 1293446992507695105, '2021-11-26 17:25:46', '0');
INSERT INTO `sys_role_menu` VALUES (1464163459300425730, 1421651885717987300, 1067246875800000039, 1293446992507695105, '2021-11-26 17:25:46', '0');
INSERT INTO `sys_role_menu` VALUES (1464163459300425731, 1421651885717987300, 1067246875800000047, 1293446992507695105, '2021-11-26 17:25:46', '0');
INSERT INTO `sys_role_menu` VALUES (1464163459308814337, 1421651885717987300, 1158267114314842115, 1293446992507695105, '2021-11-26 17:25:46', '0');
INSERT INTO `sys_role_menu` VALUES (1464163459308814338, 1421651885717987300, 1158267114314842116, 1293446992507695105, '2021-11-26 17:25:46', '0');
INSERT INTO `sys_role_menu` VALUES (1464163459313008641, 1421651885717987300, 1158267114314842117, 1293446992507695105, '2021-11-26 17:25:46', '0');
INSERT INTO `sys_role_menu` VALUES (1464163459313008642, 1421651885717987300, 1158267114314842118, 1293446992507695105, '2021-11-26 17:25:46', '0');
INSERT INTO `sys_role_menu` VALUES (1464163459313008643, 1421651885717987300, 1158267114314842119, 1293446992507695105, '2021-11-26 17:25:46', '0');

-- ----------------------------
-- Table structure for sys_role_user
-- ----------------------------
DROP TABLE IF EXISTS `sys_role_user`;
CREATE TABLE `sys_role_user`  (
  `id` bigint NOT NULL COMMENT 'id',
  `role_id` bigint NULL DEFAULT NULL COMMENT '角色ID',
  `user_id` bigint NULL DEFAULT NULL COMMENT '用户ID',
  `creator` bigint NULL DEFAULT NULL COMMENT '创建者',
  `create_date` datetime NULL DEFAULT NULL COMMENT '创建时间',
  `updater` bigint NULL DEFAULT NULL,
  `update_date` datetime NULL DEFAULT NULL,
  `del_flag` varchar(3) CHARACTER SET utf8mb4 COLLATE utf8mb4_general_ci NULL DEFAULT NULL,
  PRIMARY KEY (`id`) USING BTREE,
  INDEX `idx_role_id`(`role_id`) USING BTREE,
  INDEX `idx_user_id`(`user_id`) USING BTREE
) ENGINE = InnoDB CHARACTER SET = utf8mb4 COLLATE = utf8mb4_general_ci COMMENT = '角色用户关系' ROW_FORMAT = Dynamic;

-- ----------------------------
-- Records of sys_role_user
-- ----------------------------
INSERT INTO `sys_role_user` VALUES (1284409641549328386, 1274368172922916865, 1274367415146401793, 1284329406409519105, '2020-07-18 16:48:16', NULL, NULL, '0');
INSERT INTO `sys_role_user` VALUES (1284409678295625729, 1274368172922916865, 1274368365965758465, 1284329406409519105, '2020-07-18 16:48:25', NULL, NULL, '0');
INSERT INTO `sys_role_user` VALUES (1284500152680624129, 1274368172922916865, 1284329406409519105, 1067246875800000001, '2020-07-18 22:47:56', NULL, NULL, '0');
INSERT INTO `sys_role_user` VALUES (1426467274586316802, 1421651885717987330, 1293446992507695105, 1, '2021-08-14 16:54:35', -1, NULL, '0');
INSERT INTO `sys_role_user` VALUES (1464161508986814466, 1421651885717987330, 1464161301557510145, 1293446992507695105, '2021-11-26 17:18:01', NULL, NULL, '0');
INSERT INTO `sys_role_user` VALUES (1469574433332011009, 1421476705695756300, 1391233031145676801, 1, '2021-12-11 15:47:03', NULL, NULL, '0');
INSERT INTO `sys_role_user` VALUES (1469574433352982530, 1421651885717987300, 1391233031145676801, 1, '2021-12-11 15:47:03', NULL, NULL, '0');

-- ----------------------------
-- Table structure for sys_room
-- ----------------------------
DROP TABLE IF EXISTS `sys_room`;
CREATE TABLE `sys_room`  (
  `id` bigint NOT NULL,
  `tital` varchar(255) CHARACTER SET utf8mb4 COLLATE utf8mb4_general_ci NULL DEFAULT NULL COMMENT '标题',
  `user_count` bigint NULL DEFAULT NULL COMMENT '用户数量',
  `type` varchar(3) CHARACTER SET utf8mb4 COLLATE utf8mb4_general_ci NULL DEFAULT NULL COMMENT '房间类型',
  `main_user` bigint NULL DEFAULT NULL COMMENT '房间的主人',
  `creator` bigint NULL DEFAULT NULL,
  `create_date` datetime NULL DEFAULT NULL,
  `updater` bigint NULL DEFAULT NULL,
  `update_date` datetime NULL DEFAULT NULL,
  `del_flag` varchar(1) CHARACTER SET utf8mb4 COLLATE utf8mb4_general_ci NULL DEFAULT NULL COMMENT '删除标志',
  PRIMARY KEY (`id`) USING BTREE
) ENGINE = InnoDB CHARACTER SET = utf8mb4 COLLATE = utf8mb4_general_ci COMMENT = '页面菜单' ROW_FORMAT = Dynamic;

-- ----------------------------
-- Records of sys_room
-- ----------------------------

-- ----------------------------
-- Table structure for sys_room_p
-- ----------------------------
DROP TABLE IF EXISTS `sys_room_p`;
CREATE TABLE `sys_room_p`  (
  `id` bigint NOT NULL,
  `room_id` bigint NULL DEFAULT NULL COMMENT '房间id',
  `user_id` bigint NULL DEFAULT NULL COMMENT '用户id',
  `creator` bigint NULL DEFAULT NULL,
  `create_date` datetime NULL DEFAULT NULL,
  `updater` bigint NULL DEFAULT NULL,
  `update_date` datetime NULL DEFAULT NULL,
  `del_flag` varchar(1) CHARACTER SET utf8mb4 COLLATE utf8mb4_general_ci NULL DEFAULT NULL COMMENT '删除标志',
  PRIMARY KEY (`id`) USING BTREE
) ENGINE = InnoDB CHARACTER SET = utf8mb4 COLLATE = utf8mb4_general_ci COMMENT = '页面菜单' ROW_FORMAT = Dynamic;

-- ----------------------------
-- Records of sys_room_p
-- ----------------------------

-- ----------------------------
-- Table structure for sys_sms
-- ----------------------------
DROP TABLE IF EXISTS `sys_sms`;
CREATE TABLE `sys_sms`  (
  `id` bigint NOT NULL COMMENT 'id',
  `sms_code` varchar(32) CHARACTER SET utf8mb4 COLLATE utf8mb4_general_ci NULL DEFAULT NULL COMMENT '短信编码',
  `platform` tinyint UNSIGNED NOT NULL COMMENT '平台类型',
  `sms_config` varchar(2000) CHARACTER SET utf8mb4 COLLATE utf8mb4_general_ci NULL DEFAULT NULL COMMENT '短信配置',
  `remark` varchar(200) CHARACTER SET utf8mb4 COLLATE utf8mb4_general_ci NULL DEFAULT NULL COMMENT '备注',
  `creator` bigint NULL DEFAULT NULL COMMENT '创建者',
  `create_date` datetime NULL DEFAULT NULL COMMENT '创建时间',
  `updater` bigint NULL DEFAULT NULL COMMENT '更新者',
  `update_date` datetime NULL DEFAULT NULL COMMENT '更新时间',
  PRIMARY KEY (`id`) USING BTREE,
  UNIQUE INDEX `uk_sms_code`(`sms_code`) USING BTREE,
  INDEX `idx_create_date`(`create_date`) USING BTREE
) ENGINE = InnoDB CHARACTER SET = utf8mb4 COLLATE = utf8mb4_general_ci COMMENT = '短信' ROW_FORMAT = Dynamic;

-- ----------------------------
-- Records of sys_sms
-- ----------------------------
INSERT INTO `sys_sms` VALUES (1228954061084676097, '1001', 1, '{\"aliyunAccessKeyId\":\"1\",\"aliyunAccessKeySecret\":\"1\",\"aliyunSignName\":\"1\",\"aliyunTemplateCode\":\"1\",\"qcloudAppKey\":\"\",\"qcloudSignName\":\"\",\"qcloudTemplateId\":\"\",\"qiniuAccessKey\":\"\",\"qiniuSecretKey\":\"\",\"qiniuTemplateId\":\"\"}', '', 1067246875800000001, '2020-06-20 15:25:49', 1067246875800000001, '2020-06-20 15:25:49');

-- ----------------------------
-- Table structure for sys_sms_log
-- ----------------------------
DROP TABLE IF EXISTS `sys_sms_log`;
CREATE TABLE `sys_sms_log`  (
  `id` bigint NOT NULL COMMENT 'id',
  `sms_code` varchar(32) CHARACTER SET utf8mb4 COLLATE utf8mb4_general_ci NULL DEFAULT NULL COMMENT '短信编码',
  `platform` tinyint UNSIGNED NOT NULL COMMENT '平台类型',
  `mobile` varchar(20) CHARACTER SET utf8mb4 COLLATE utf8mb4_general_ci NULL DEFAULT NULL COMMENT '手机号',
  `params_1` varchar(50) CHARACTER SET utf8mb4 COLLATE utf8mb4_general_ci NULL DEFAULT NULL COMMENT '参数1',
  `params_2` varchar(50) CHARACTER SET utf8mb4 COLLATE utf8mb4_general_ci NULL DEFAULT NULL COMMENT '参数2',
  `params_3` varchar(50) CHARACTER SET utf8mb4 COLLATE utf8mb4_general_ci NULL DEFAULT NULL COMMENT '参数3',
  `params_4` varchar(50) CHARACTER SET utf8mb4 COLLATE utf8mb4_general_ci NULL DEFAULT NULL COMMENT '参数4',
  `status` tinyint UNSIGNED NULL DEFAULT NULL COMMENT '发送状态  0：失败  1：成功',
  `creator` bigint NULL DEFAULT NULL COMMENT '创建者',
  `create_date` datetime NULL DEFAULT NULL COMMENT '创建时间',
  PRIMARY KEY (`id`) USING BTREE,
  INDEX `idx_sms_code`(`sms_code`) USING BTREE
) ENGINE = InnoDB CHARACTER SET = utf8mb4 COLLATE = utf8mb4_general_ci COMMENT = '短信日志' ROW_FORMAT = Dynamic;

-- ----------------------------
-- Records of sys_sms_log
-- ----------------------------

-- ----------------------------
-- Table structure for sys_user
-- ----------------------------
DROP TABLE IF EXISTS `sys_user`;
CREATE TABLE `sys_user`  (
  `id` bigint NOT NULL COMMENT 'id',
  `username` varchar(50) CHARACTER SET utf8mb4 COLLATE utf8mb4_general_ci NOT NULL COMMENT '用户名',
  `password` varchar(500) CHARACTER SET utf8mb4 COLLATE utf8mb4_general_ci NULL DEFAULT NULL COMMENT '密码',
  `email` varchar(100) CHARACTER SET utf8mb4 COLLATE utf8mb4_general_ci NULL DEFAULT NULL COMMENT '邮箱',
  `real_name` varchar(50) CHARACTER SET utf8mb4 COLLATE utf8mb4_general_ci NULL DEFAULT NULL COMMENT '姓名',
  `head_url` varchar(200) CHARACTER SET utf8mb4 COLLATE utf8mb4_general_ci NULL DEFAULT NULL COMMENT '头像',
  `gender` tinyint UNSIGNED NULL DEFAULT NULL COMMENT '性别   0：男   1：女    2：保密',
  `mobile` varchar(100) CHARACTER SET utf8mb4 COLLATE utf8mb4_general_ci NULL DEFAULT NULL COMMENT '手机号',
  `dept_id` bigint NULL DEFAULT NULL COMMENT '部门ID',
  `Multiple_login` tinyint UNSIGNED NULL DEFAULT 0 COMMENT ' 多处登录   0：否   1：是',
  `status` tinyint NULL DEFAULT NULL COMMENT '状态  0：停用   1：正常',
  `creator` bigint NULL DEFAULT NULL COMMENT '创建者',
  `create_date` datetime NULL DEFAULT NULL COMMENT '创建时间',
  `updater` bigint NULL DEFAULT NULL COMMENT '更新者',
  `update_date` datetime NULL DEFAULT NULL COMMENT '更新时间',
  `id_card` varchar(100) CHARACTER SET utf8mb4 COLLATE utf8mb4_general_ci NULL DEFAULT NULL COMMENT '身份证号',
  `del_flag` varchar(2) CHARACTER SET utf8mb4 COLLATE utf8mb4_general_ci NULL DEFAULT NULL COMMENT '删除标志',
  PRIMARY KEY (`id`) USING BTREE,
  UNIQUE INDEX `username`(`username`) USING BTREE,
  UNIQUE INDEX `uk_email`(`email`) USING BTREE
) ENGINE = InnoDB CHARACTER SET = utf8mb4 COLLATE = utf8mb4_general_ci COMMENT = '系统用户' ROW_FORMAT = Dynamic;

-- ----------------------------
-- Records of sys_user
-- ----------------------------
INSERT INTO `sys_user` VALUES (1, 'admin@hefang.group', '$e0801$EGrfGqJc85FvyE7IlltAvF85qnKNuk1e65qfxIsRwDWEaoncIULETKyMFWiaoTWX6mSKb3F3RLespDPKCp0uvg==$8HK4b2q7YXmb48kLDjubKMtZNqFwYTmHN7wU5VJBkP8=', 'admin@hefang.group', '管理员昵称', NULL, NULL, NULL, NULL, 1, 1, 0, NULL, NULL, NULL, NULL, '0');
INSERT INTO `sys_user` VALUES (1492317946579197954, '123@hefang.group', '$e0801$EGrfGqJc85FvyE7IlltAvF85qnKNuk1e65qfxIsRwDWEaoncIULETKyMFWiaoTWX6mSKb3F3RLespDPKCp0uvg==$8HK4b2q7YXmb48kLDjubKMtZNqFwYTmHN7wU5VJBkP8=', '123@hefang.group', '123@hefang.group', NULL, NULL, NULL, NULL, 0, NULL, 0, NULL, NULL, NULL, NULL, '0');
INSERT INTO `sys_user` VALUES (1494929410638610434, 'ekjlks', '$e0801$WYxOsQXD45k24x1D9Q6h5GmdnycilcnO6HyAzEUF//0ogp4q+oTP4WuvbTzU61LhFh8TIDDE45o0pzuXXXYdUw==$sF39+uRKbXEFlp39hHE/+QgJpv0p+9HvGsVb72TBxgg=', 'jlsei@lo.com', 'jlsei@lo.com', NULL, NULL, NULL, NULL, 0, NULL, 0, NULL, NULL, NULL, NULL, '0');

-- ----------------------------
-- Table structure for sys_user_conf
-- ----------------------------
DROP TABLE IF EXISTS `sys_user_conf`;
CREATE TABLE `sys_user_conf`  (
  `id` bigint UNSIGNED NOT NULL AUTO_INCREMENT COMMENT 'id',
  `user_id` bigint NOT NULL COMMENT '用户id',
  `item` varchar(50) CHARACTER SET utf8mb4 COLLATE utf8mb4_general_ci NOT NULL COMMENT 'key',
  `content` varchar(500) CHARACTER SET utf8mb4 COLLATE utf8mb4_general_ci NULL DEFAULT NULL COMMENT '值',
  `creator` bigint NULL DEFAULT NULL COMMENT '创建者',
  `create_date` datetime NULL DEFAULT NULL COMMENT '创建时间',
  `updater` bigint NULL DEFAULT NULL COMMENT '更新者',
  `update_date` datetime NULL DEFAULT NULL COMMENT '更新时间',
  `del_flag` varchar(2) CHARACTER SET utf8mb4 COLLATE utf8mb4_general_ci NULL DEFAULT '0' COMMENT '删除标志',
  PRIMARY KEY (`id`) USING BTREE,
  UNIQUE INDEX `username`(`item`) USING BTREE
) ENGINE = InnoDB AUTO_INCREMENT = 2 CHARACTER SET = utf8mb4 COLLATE = utf8mb4_general_ci COMMENT = '系统用户-个人信息配置统计' ROW_FORMAT = Dynamic;

-- ----------------------------
-- Records of sys_user_conf
-- ----------------------------
INSERT INTO `sys_user_conf` VALUES (1, 1, 'contribution', '1', 1, '2022-02-25 15:22:36', NULL, NULL, '0');

-- ----------------------------
-- Table structure for sys_user_super
-- ----------------------------
DROP TABLE IF EXISTS `sys_user_super`;
CREATE TABLE `sys_user_super`  (
  `id` bigint NOT NULL COMMENT 'id',
  `user_id` bigint UNSIGNED NULL DEFAULT NULL COMMENT '用户id',
  `status` tinyint NULL DEFAULT NULL COMMENT '状态  0：停用   1：正常',
  `creator` bigint NULL DEFAULT NULL COMMENT '创建者',
  `create_date` datetime NULL DEFAULT NULL COMMENT '创建时间',
  `updater` bigint NULL DEFAULT NULL COMMENT '更新者',
  `update_date` datetime NULL DEFAULT NULL COMMENT '更新时间',
  `company_id` bigint NULL DEFAULT NULL COMMENT '公司id',
  `del_flag` varchar(2) CHARACTER SET utf8mb4 COLLATE utf8mb4_general_ci NULL DEFAULT NULL COMMENT '删除标志',
  PRIMARY KEY (`id`) USING BTREE,
  INDEX `idx_create_date`(`create_date`) USING BTREE
) ENGINE = InnoDB CHARACTER SET = utf8mb4 COLLATE = utf8mb4_general_ci COMMENT = '系统用户' ROW_FORMAT = Dynamic;

-- ----------------------------
-- Records of sys_user_super
-- ----------------------------
INSERT INTO `sys_user_super` VALUES (1, 1, 1, NULL, NULL, NULL, NULL, NULL, '0');

SET FOREIGN_KEY_CHECKS = 1;
